Workbook
Name NumberOfTeams: 'Team and Program Information'!$A$5
Name AwardListLookup: 'Team and Program Information'!$A$11:$A$20
Name NumberofTeamsAdvancing: 'Team and Program Information'!$A$8

Sheet Instructions
W1: DESIGNED FOR USE IN MICROSOFT EXCEL. SOME FUNCTIONALITY MAY BE LOST IN OTHER APPLICATIONS.
D4: 1. | E4: Open the 'Team and Program Information' page. Enter the team numbers and the team names. Also, the number of teams in this event as well as the number of teams advancing from this event in the box on the left. This information will show in the other sheets.
F5: You may notice that the team names do not appear on the 'Robot Game Scores' page - don’t worry, some events use an import for this page, you can still enter the scores manually and the data will still populate the results and ranking list. Columns C-L in 'Core Values Input' are intentially hidden and no data should be typed in those cells.
D6: 2. | E6: Many columns in the various tables have formulas. Please use caution to not accidentally edit or delete the formulas.
D7: 3. | E7: Collect the rubric scores from the judges and the robot game scores (including Gracious Professionalism® scores) from the referees throughout the event and enter the data into the corresponding sheets of this workbook.
F8: Core Values scores, except Gracious Professionalism scores from the robot game, are populated automatically from the other rubric scores - no score information should be added to columns C-L on the 'Core Values Input' page.
D9: 4. | E9: When all the data has been inputted, go the 'Results and Rankings' page to view all of the information in one place.
D10: 5. | E10: You are now ready to allocate your awards based on your rankings using the 'Awards and Allocations' document in the judging toolkit.
B12: Useful Tips: | F12: If you are copying data into the Input pages please remember to use the 'Paste Values' or 'Use Destination Formatting' option. | O12: You can sort your data by a specific column by clicking on the small arrow in the column header box and selecting 'sort smallest to largest' or 'A to Z'. | X12: As you work with the OJS you should save your spreadsheet regularly in case of IT issues. | AE12: If your event uses more than 3 official robot game matches, you can unhide columns G-H, using the plus (+) button above them, in 'Robot Game Scores' and columns P-Q in 'Core Values Input' for Gracious Professionalism scores.
F14: (This stops the formatting and formulae being overwritten) | AE14: If referees hand in printed scoresheets, robot game scores will need to be calclulated using the 'Official Scoring Calculator' tool (online).

Sheet Team and Program Information
A1: Version | C1: FIRST® LEGO® League Challenge Official Judging Spreadsheet
A2: UNEARTHED | B2: Row | C2: Team Number | D2: Team Name | E2: Coach | F2: Pod Number
B3: 1
A4: Number of Teams | B4: 2
A5: =COUNTA('Team and Program Information'!$C$3:$C$202) -> 0 | B5: 3
B6: 4
A7: Number of Teams Advancing | B7: 5
A8: 1 | B8: 6
B9: 7
A10: Award Lookup List | B10: 8
A11: Champion's | B11: 9
A12: Core Values | B12: 10
A13: Innovation Project | B13: 11
A14: Robot Design | B14: 12
A15: Engineering Excellence | B15: 13
A16: Breakthrough | B16: 14
A17: Rising All-Star | B17: 15
A18: Motivate | B18: 16
B19: 17
B20: 18
B21: 19
B22: 20
B23: 21
B24: 22
B25: 23
B26: 24
B27: 25
B28: 26
B29: 27
B30: 28
... B202: 200

Sheet Results and Rankings
A1: Team Information | C1: Robot Game | J1: Judging | M1: Overall | R1: Awards & Advancement | U1: Testing Items (Info Only) | Z1: Comments
A2: Team Number | B2: Team Name | C2: Robot Game Score 1 | D2: Robot Game Score 2 | E2: Robot Game Score 3 | F2: Robot Game Score 4 | G2: Robot Game Score 5 | H2: Max Robot Game Score | I2: Robot Game Rank | J2: Core Values Rank | K2: Innovation Project Rank | L2: Robot Design Rank | M2: Champion's Score | N2: Champion's Rank | O2: Breakthrough | P2: Rising All-Star | Q2: Motivate | R2: Award | S2: Award Place | T2: Advance? | U2: Core Values Score | V2: Innovattion Project Score | W2: Robot Design Score | X2: Overall Score - Geometric Mean | Y2: Overall Ranking - Geometric Mean | Z2: Comments
A3: {=XLOOKUP(1,'Team and Program Information'!$B$3:$B$202,'Team and Program Information'!$C$3:$C$202,"ERROR",0)} | B3: {=XLOOKUP('Results and Rankings'!$A3,'Team and Program Information'!$C$3:$C$202,'Team and Program Information'!$D$3:$D$202,"",0,)} -> #VALUE! | C3: {=IF('Results and Rankings'!$A3="","",XLOOKUP('Results and Rankings'!$A3,'Robot Game Scores'!$B$2:$B$201,'Robot Game Scores'!$D$2:$D$201,0,0,))} | D3: {=IF('Results and Rankings'!$A3="","",XLOOKUP('Results and Rankings'!$A3,'Robot Game Scores'!$B$2:$B$201,'Robot Game Scores'!$E$2:$E$201,0,0,))} | E3: {=IF('Results and Rankings'!$A3="","",XLOOKUP('Results and Rankings'!$A3,'Robot Game Scores'!$B$2:$B$201,'Robot Game Scores'!$F$2:$F$201,0,0,))} | F3: {=IF('Results and Rankings'!$A3="","",XLOOKUP('Results and Rankings'!$A3,'Robot Game Scores'!$B$2:$B$201,'Robot Game Scores'!$G$2:$G$201,0,0,))} | G3: {=IF('Results and Rankings'!$A3="","",XLOOKUP('Results and Rankings'!$A3,'Robot Game Scores'!$B$2:$B$201,'Robot Game Scores'!$H$2:$H$201,0,0,))} | H3: =IF('Results and Rankings'!$A3="","",IF(ISNA(LARGE('Results and Rankings'!$C3:$G3,1)+0.0001*LARGE('Results and Rankings'!$C3:$G3,2)+0.0000001*LARGE('Results and Rankings'!$C3:$G3,3)+1E-11*LARGE('Results and Rankings'!$C3:$G3,4)+1E-14*LARGE('Results and Rankings'!$C3:$G3,5)),0,LARGE('Results and Rankings'!$C3:$G3,1)+0.0001*LARGE('Results and Rankings'!$C3:$G3,2)+0.0000001*LARGE('Results and Rankings'!$C3:$G3,3)+1E-11*LARGE('Results and Rankings'!$C3:$G3,4)+1E-14*LARGE('Results and Rankings'!$C3:$G3,5))) | I3: =IF('Results and Rankings'!$A3="","",_xlfn.RANK.EQ('Results and Rankings'!$H3,'Results and Rankings'!$H$3:$H$202)) | J3: {=IF('Results and Rankings'!$A3="","",XLOOKUP('Results and Rankings'!$A3,'Core Values Input'!$A$2:$A$201,'Core Values Input'!$V$2:$V$201,NumberOfTeams+1,0,))} | K3: {=IF('Results and Rankings'!$A3="","",XLOOKUP('Results and Rankings'!$A3,'Innovation Project Input'!$A$2:$A$201,'Innovation Project Input'!$N$2:$N$201,NumberOfTeams+1,0,))} | L3: {=IF('Results and Rankings'!$A3="","",XLOOKUP('Results and Rankings'!$A3,'Robot Design Input'!$A$2:$A$201,'Robot Design Input'!$N$2:$N$201,NumberOfTeams+1,0,))} | M3: =IF('Results and Rankings'!$A3="","",IF('Results and Rankings'!$J3="",NumberOfTeams+1,'Results and Rankings'!$J3) + IF('Results and Rankings'!$K3="",NumberOfTeams+1,'Results and Rankings'!$K3) + IF('Results and Rankings'!$L3="",NumberOfTeams+1,'Results and Rankings'!$L3) + 'Results and Rankings'!$I3) | N3: =IF('Results and Rankings'!$A3="","",IF(M3,RANK(M3,M$3:M$202,1)-COUNTIF(M$3:M$202,0),NumberOfTeams+1)) | O3: {=XLOOKUP('Results and Rankings'!$A3,'Core Values Input'!$A$2:$A$201,'Core Values Input'!$W$2:$W$201,0,0,)} -> #VALUE! | P3: {=XLOOKUP('Results and Rankings'!$A3,'Core Values Input'!$A$2:$A$201,'Core Values Input'!$X$2:$X$201,0,0,)} -> #VALUE! | Q3: {=XLOOKUP('Results and Rankings'!$A3,'Core Values Input'!$A$2:$A$201,'Core Values Input'!$Y$2:$Y$201,0,0,)} -> #VALUE! | U3: {=XLOOKUP('Results and Rankings'!$A3,'Core Values Input'!$A$2:$A$201,'Core Values Input'!$U$2:$U$201,0,0,)} -> #VALUE! | V3: {=XLOOKUP('Results and Rankings'!$A3,'Innovation Project Input'!$A$2:$A$201,'Innovation Project Input'!$M$2:$M$201,0,0,)} -> #VALUE! | W3: {=XLOOKUP('Results and Rankings'!$A3,'Robot Design Input'!$A$2:$A$201,'Robot Design Input'!$M$2:$M$201,0,0,)} -> #VALUE! | X3: =IF(ISERR(GEOMEAN('Results and Rankings'!$H3,'Results and Rankings'!$U3,'Results and Rankings'!$V3,'Results and Rankings'!$W3)),0,GEOMEAN('Results and Rankings'!$H3,'Results and Rankings'!$U3,'Results and Rankings'!$V3,'Results and Rankings'!$W3)) -> 0 | Y3: =IF(X3,_xlfn.RANK.EQ(X3,X$3:X$110,0),NumberOfTeams) -> 0
A4: {=XLOOKUP(2,'Team and Program Information'!$B$3:$B$202,'Team and Program Information'!$C$3:$C$202,"ERROR",0)} | B4: {=XLOOKUP('Results and Rankings'!$A4,'Team and Program Information'!$C$3:$C$202,'Team and Program Information'!$D$3:$D$202,"",0,)} -> #VALUE! | C4: {=IF('Results and Rankings'!$A4="","",XLOOKUP('Results and Rankings'!$A4,'Robot Game Scores'!$B$2:$B$201,'Robot Game Scores'!$D$2:$D$201,0,0,))} | D4: {=IF('Results and Rankings'!$A4="","",XLOOKUP('Results and Rankings'!$A4,'Robot Game Scores'!$B$2:$B$201,'Robot Game Scores'!$E$2:$E$201,0,0,))} | E4: {=IF('Results and Rankings'!$A4="","",XLOOKUP('Results and Rankings'!$A4,'Robot Game Scores'!$B$2:$B$201,'Robot Game Scores'!$F$2:$F$201,0,0,))} | F4: {=IF('Results and Rankings'!$A4="","",XLOOKUP('Results and Rankings'!$A4,'Robot Game Scores'!$B$2:$B$201,'Robot Game Scores'!$G$2:$G$201,0,0,))} | G4: {=IF('Results and Rankings'!$A4="","",XLOOKUP('Results and Rankings'!$A4,'Robot Game Scores'!$B$2:$B$201,'Robot Game Scores'!$H$2:$H$201,0,0,))} | H4: =IF('Results and Rankings'!$A4="","",IF(ISNA(LARGE('Results and Rankings'!$C4:$G4,1)+0.0001*LARGE('Results and Rankings'!$C4:$G4,2)+0.0000001*LARGE('Results and Rankings'!$C4:$G4,3)+1E-11*LARGE('Results and Rankings'!$C4:$G4,4)+1E-14*LARGE('Results and Rankings'!$C4:$G4,5)),0,LARGE('Results and Rankings'!$C4:$G4,1)+0.0001*LARGE('Results and Rankings'!$C4:$G4,2)+0.0000001*LARGE('Results and Rankings'!$C4:$G4,3)+1E-11*LARGE('Results and Rankings'!$C4:$G4,4)+1E-14*LARGE('Results and Rankings'!$C4:$G4,5))) | I4: =IF('Results and Rankings'!$A4="","",_xlfn.RANK.EQ('Results and Rankings'!$H4,'Results and Rankings'!$H$3:$H$202)) | J4: {=IF('Results and Rankings'!$A4="","",XLOOKUP('Results and Rankings'!$A4,'Core Values Input'!$A$2:$A$201,'Core Values Input'!$V$2:$V$201,NumberOfTeams+1,0,))} | K4: {=IF('Results and Rankings'!$A4="","",XLOOKUP('Results and Rankings'!$A4,'Innovation Project Input'!$A$2:$A$201,'Innovation Project Input'!$N$2:$N$201,NumberOfTeams+1,0,))} | L4: {=IF('Results and Rankings'!$A4="","",XLOOKUP('Results and Rankings'!$A4,'Robot Design Input'!$A$2:$A$201,'Robot Design Input'!$N$2:$N$201,NumberOfTeams+1,0,))} | M4: =IF('Results and Rankings'!$A4="","",IF('Results and Rankings'!$J4="",NumberOfTeams+1,'Results and Rankings'!$J4) + IF('Results and Rankings'!$K4="",NumberOfTeams+1,'Results and Rankings'!$K4) + IF('Results and Rankings'!$L4="",NumberOfTeams+1,'Results and Rankings'!$L4) + 'Results and Rankings'!$I4) | N4: =IF('Results and Rankings'!$A4="","",IF(M4,RANK(M4,M$3:M$202,1)-COUNTIF(M$3:M$202,0),NumberOfTeams+1)) | O4: {=XLOOKUP('Results and Rankings'!$A4,'Core Values Input'!$A$2:$A$201,'Core Values Input'!$W$2:$W$201,0,0,)} -> #VALUE! | P4: {=XLOOKUP('Results and Rankings'!$A4,'Core Values Input'!$A$2:$A$201,'Core Values Input'!$X$2:$X$201,0,0,)} -> #VALUE! | Q4: {=XLOOKUP('Results and Rankings'!$A4,'Core Values Input'!$A$2:$A$201,'Core Values Input'!$Y$2:$Y$201,0,0,)} -> #VALUE! | U4: {=XLOOKUP('Results and Rankings'!$A4,'Core Values Input'!$A$2:$A$201,'Core Values Input'!$U$2:$U$201,0,0,)} -> #VALUE! | V4: {=XLOOKUP('Results and Rankings'!$A4,'Innovation Project Input'!$A$2:$A$201,'Innovation Project Input'!$M$2:$M$201,0,0,)} -> #VALUE! | W4: {=XLOOKUP('Results and Rankings'!$A4,'Robot Design Input'!$A$2:$A$201,'Robot Design Input'!$M$2:$M$201,0,0,)} -> #VALUE! | X4: =IF(ISERR(GEOMEAN('Results and Rankings'!$H4,'Results and Rankings'!$U4,'Results and Rankings'!$V4,'Results and Rankings'!$W4)),0,GEOMEAN('Results and Rankings'!$H4,'Results and Rankings'!$U4,'Results and Rankings'!$V4,'Results and Rankings'!$W4)) -> 0 | Y4: =IF(X4,_xlfn.RANK.EQ(X4,X$3:X$110,0),NumberOfTeams) -> 0
A5: {=XLOOKUP(3,'Team and Program Information'!$B$3:$B$202,'Team and Program Information'!$C$3:$C$202,"ERROR",0)} | B5: {=XLOOKUP('Results and Rankings'!$A5,'Team and Program Information'!$C$3:$C$202,'Team and Program Information'!$D$3:$D$202,"",0,)} -> #VALUE! | C5: {=IF('Results and Rankings'!$A5="","",XLOOKUP('Results and Rankings'!$A5,'Robot Game Scores'!$B$2:$B$201,'Robot Game Scores'!$D$2:$D$201,0,0,))} | D5: {=IF('Results and Rankings'!$A5="","",XLOOKUP('Results and Rankings'!$A5,'Robot Game Scores'!$B$2:$B$201,'Robot Game Scores'!$E$2:$E$201,0,0,))} | E5: {=IF('Results and Rankings'!$A5="","",XLOOKUP('Results and Rankings'!$A5,'Robot Game Scores'!$B$2:$B$201,'Robot Game Scores'!$F$2:$F$201,0,0,))} | F5: {=IF('Results and Rankings'!$A5="","",XLOOKUP('Results and Rankings'!$A5,'Robot Game Scores'!$B$2:$B$201,'Robot Game Scores'!$G$2:$G$201,0,0,))} | G5: {=IF('Results and Rankings'!$A5="","",XLOOKUP('Results and Rankings'!$A5,'Robot Game Scores'!$B$2:$B$201,'Robot Game Scores'!$H$2:$H$201,0,0,))} | H5: =IF('Results and Rankings'!$A5="","",IF(ISNA(LARGE('Results and Rankings'!$C5:$G5,1)+0.0001*LARGE('Results and Rankings'!$C5:$G5,2)+0.0000001*LARGE('Results and Rankings'!$C5:$G5,3)+1E-11*LARGE('Results and Rankings'!$C5:$G5,4)+1E-14*LARGE('Results and Rankings'!$C5:$G5,5)),0,LARGE('Results and Rankings'!$C5:$G5,1)+0.0001*LARGE('Results and Rankings'!$C5:$G5,2)+0.0000001*LARGE('Results and Rankings'!$C5:$G5,3)+1E-11*LARGE('Results and Rankings'!$C5:$G5,4)+1E-14*LARGE('Results and Rankings'!$C5:$G5,5))) | I5: =IF('Results and Rankings'!$A5="","",_xlfn.RANK.EQ('Results and Rankings'!$H5,'Results and Rankings'!$H$3:$H$202)) | J5: {=IF('Results and Rankings'!$A5="","",XLOOKUP('Results and Rankings'!$A5,'Core Values Input'!$A$2:$A$201,'Core Values Input'!$V$2:$V$201,NumberOfTeams+1,0,))} | K5: {=IF('Results and Rankings'!$A5="","",XLOOKUP('Results and Rankings'!$A5,'Innovation Project Input'!$A$2:$A$201,'Innovation Project Input'!$N$2:$N$201,NumberOfTeams+1,0,))} | L5: {=IF('Results and Rankings'!$A5="","",XLOOKUP('Results and Rankings'!$A5,'Robot Design Input'!$A$2:$A$201,'Robot Design Input'!$N$2:$N$201,NumberOfTeams+1,0,))} | M5: =IF('Results and Rankings'!$A5="","",IF('Results and Rankings'!$J5="",NumberOfTeams+1,'Results and Rankings'!$J5) + IF('Results and Rankings'!$K5="",NumberOfTeams+1,'Results and Rankings'!$K5) + IF('Results and Rankings'!$L5="",NumberOfTeams+1,'Results and Rankings'!$L5) + 'Results and Rankings'!$I5) | N5: =IF('Results and Rankings'!$A5="","",IF(M5,RANK(M5,M$3:M$202,1)-COUNTIF(M$3:M$202,0),NumberOfTeams+1)) | O5: {=XLOOKUP('Results and Rankings'!$A5,'Core Values Input'!$A$2:$A$201,'Core Values Input'!$W$2:$W$201,0,0,)} -> #VALUE! | P5: {=XLOOKUP('Results and Rankings'!$A5,'Core Values Input'!$A$2:$A$201,'Core Values Input'!$X$2:$X$201,0,0,)} -> #VALUE! | Q5: {=XLOOKUP('Results and Rankings'!$A5,'Core Values Input'!$A$2:$A$201,'Core Values Input'!$Y$2:$Y$201,0,0,)} -> #VALUE! | U5: {=XLOOKUP('Results and Rankings'!$A5,'Core Values Input'!$A$2:$A$201,'Core Values Input'!$U$2:$U$201,0,0,)} -> #VALUE! | V5: {=XLOOKUP('Results and Rankings'!$A5,'Innovation Project Input'!$A$2:$A$201,'Innovation Project Input'!$M$2:$M$201,0,0,)} -> #VALUE! | W5: {=XLOOKUP('Results and Rankings'!$A5,'Robot Design Input'!$A$2:$A$201,'Robot Design Input'!$M$2:$M$201,0,0,)} -> #VALUE! | X5: =IF(ISERR(GEOMEAN('Results and Rankings'!$H5,'Results and Rankings'!$U5,'Results and Rankings'!$V5,'Results and Rankings'!$W5)),0,GEOMEAN('Results and Rankings'!$H5,'Results and Rankings'!$U5,'Results and Rankings'!$V5,'Results and Rankings'!$W5)) -> 0 | Y5: =IF(X5,_xlfn.RANK.EQ(X5,X$3:X$110,0),NumberOfTeams) -> 0
A6: {=XLOOKUP(4,'Team and Program Information'!$B$3:$B$202,'Team and Program Information'!$C$3:$C$202,"ERROR",0)} | B6: {=XLOOKUP('Results and Rankings'!$A6,'Team and Program Information'!$C$3:$C$202,'Team and Program Information'!$D$3:$D$202,"",0,)} -> #VALUE! | C6: {=IF('Results and Rankings'!$A6="","",XLOOKUP('Results and Rankings'!$A6,'Robot Game Scores'!$B$2:$B$201,'Robot Game Scores'!$D$2:$D$201,0,0,))} | D6: {=IF('Results and Rankings'!$A6="","",XLOOKUP('Results and Rankings'!$A6,'Robot Game Scores'!$B$2:$B$201,'Robot Game Scores'!$E$2:$E$201,0,0,))} | E6: {=IF('Results and Rankings'!$A6="","",XLOOKUP('Results and Rankings'!$A6,'Robot Game Scores'!$B$2:$B$201,'Robot Game Scores'!$F$2:$F$201,0,0,))} | F6: {=IF('Results and Rankings'!$A6="","",XLOOKUP('Results and Rankings'!$A6,'Robot Game Scores'!$B$2:$B$201,'Robot Game Scores'!$G$2:$G$201,0,0,))} | G6: {=IF('Results and Rankings'!$A6="","",XLOOKUP('Results and Rankings'!$A6,'Robot Game Scores'!$B$2:$B$201,'Robot Game Scores'!$H$2:$H$201,0,0,))} | H6: =IF('Results and Rankings'!$A6="","",IF(ISNA(LARGE('Results and Rankings'!$C6:$G6,1)+0.0001*LARGE('Results and Rankings'!$C6:$G6,2)+0.0000001*LARGE('Results and Rankings'!$C6:$G6,3)+1E-11*LARGE('Results and Rankings'!$C6:$G6,4)+1E-14*LARGE('Results and Rankings'!$C6:$G6,5)),0,LARGE('Results and Rankings'!$C6:$G6,1)+0.0001*LARGE('Results and Rankings'!$C6:$G6,2)+0.0000001*LARGE('Results and Rankings'!$C6:$G6,3)+1E-11*LARGE('Results and Rankings'!$C6:$G6,4)+1E-14*LARGE('Results and Rankings'!$C6:$G6,5))) | I6: =IF('Results and Rankings'!$A6="","",_xlfn.RANK.EQ('Results and Rankings'!$H6,'Results and Rankings'!$H$3:$H$202)) | J6: {=IF('Results and Rankings'!$A6="","",XLOOKUP('Results and Rankings'!$A6,'Core Values Input'!$A$2:$A$201,'Core Values Input'!$V$2:$V$201,NumberOfTeams+1,0,))} | K6: {=IF('Results and Rankings'!$A6="","",XLOOKUP('Results and Rankings'!$A6,'Innovation Project Input'!$A$2:$A$201,'Innovation Project Input'!$N$2:$N$201,NumberOfTeams+1,0,))} | L6: {=IF('Results and Rankings'!$A6="","",XLOOKUP('Results and Rankings'!$A6,'Robot Design Input'!$A$2:$A$201,'Robot Design Input'!$N$2:$N$201,NumberOfTeams+1,0,))} | M6: =IF('Results and Rankings'!$A6="","",IF('Results and Rankings'!$J6="",NumberOfTeams+1,'Results and Rankings'!$J6) + IF('Results and Rankings'!$K6="",NumberOfTeams+1,'Results and Rankings'!$K6) + IF('Results and Rankings'!$L6="",NumberOfTeams+1,'Results and Rankings'!$L6) + 'Results and Rankings'!$I6) | N6: =IF('Results and Rankings'!$A6="","",IF(M6,RANK(M6,M$3:M$202,1)-COUNTIF(M$3:M$202,0),NumberOfTeams+1)) | O6: {=XLOOKUP('Results and Rankings'!$A6,'Core Values Input'!$A$2:$A$201,'Core Values Input'!$W$2:$W$201,0,0,)} -> #VALUE! | P6: {=XLOOKUP('Results and Rankings'!$A6,'Core Values Input'!$A$2:$A$201,'Core Values Input'!$X$2:$X$201,0,0,)} -> #VALUE! | Q6: {=XLOOKUP('Results and Rankings'!$A6,'Core Values Input'!$A$2:$A$201,'Core Values Input'!$Y$2:$Y$201,0,0,)} -> #VALUE! | U6: {=XLOOKUP('Results and Rankings'!$A6,'Core Values Input'!$A$2:$A$201,'Core Values Input'!$U$2:$U$201,0,0,)} -> #VALUE! | V6: {=XLOOKUP('Results and Rankings'!$A6,'Innovation Project Input'!$A$2:$A$201,'Innovation Project Input'!$M$2:$M$201,0,0,)} -> #VALUE! | W6: {=XLOOKUP('Results and Rankings'!$A6,'Robot Design Input'!$A$2:$A$201,'Robot Design Input'!$M$2:$M$201,0,0,)} -> #VALUE! | X6: =IF(ISERR(GEOMEAN('Results and Rankings'!$H6,'Results and Rankings'!$U6,'Results and Rankings'!$V6,'Results and Rankings'!$W6)),0,GEOMEAN('Results and Rankings'!$H6,'Results and Rankings'!$U6,'Results and Rankings'!$V6,'Results and Rankings'!$W6)) -> 0 | Y6: =IF(X6,_xlfn.RANK.EQ(X6,X$3:X$110,0),NumberOfTeams) -> 0
A7: {=XLOOKUP(5,'Team and Program Information'!$B$3:$B$202,'Team and Program Information'!$C$3:$C$202,"ERROR",0)} | B7: {=XLOOKUP('Results and Rankings'!$A7,'Team and Program Information'!$C$3:$C$202,'Team and Program Information'!$D$3:$D$202,"",0,)} -> #VALUE! | C7: {=IF('Results and Rankings'!$A7="","",XLOOKUP('Results and Rankings'!$A7,'Robot Game Scores'!$B$2:$B$201,'Robot Game Scores'!$D$2:$D$201,0,0,))} | D7: {=IF('Results and Rankings'!$A7="","",XLOOKUP('Results and Rankings'!$A7,'Robot Game Scores'!$B$2:$B$201,'Robot Game Scores'!$E$2:$E$201,0,0,))} | E7: {=IF('Results and Rankings'!$A7="","",XLOOKUP('Results and Rankings'!$A7,'Robot Game Scores'!$B$2:$B$201,'Robot Game Scores'!$F$2:$F$201,0,0,))} | F7: {=IF('Results and Rankings'!$A7="","",XLOOKUP('Results and Rankings'!$A7,'Robot Game Scores'!$B$2:$B$201,'Robot Game Scores'!$G$2:$G$201,0,0,))} | G7: {=IF('Results and Rankings'!$A7="","",XLOOKUP('Results and Rankings'!$A7,'Robot Game Scores'!$B$2:$B$201,'Robot Game Scores'!$H$2:$H$201,0,0,))} | H7: =IF('Results and Rankings'!$A7="","",IF(ISNA(LARGE('Results and Rankings'!$C7:$G7,1)+0.0001*LARGE('Results and Rankings'!$C7:$G7,2)+0.0000001*LARGE('Results and Rankings'!$C7:$G7,3)+1E-11*LARGE('Results and Rankings'!$C7:$G7,4)+1E-14*LARGE('Results and Rankings'!$C7:$G7,5)),0,LARGE('Results and Rankings'!$C7:$G7,1)+0.0001*LARGE('Results and Rankings'!$C7:$G7,2)+0.0000001*LARGE('Results and Rankings'!$C7:$G7,3)+1E-11*LARGE('Results and Rankings'!$C7:$G7,4)+1E-14*LARGE('Results and Rankings'!$C7:$G7,5))) | I7: =IF('Results and Rankings'!$A7="","",_xlfn.RANK.EQ('Results and Rankings'!$H7,'Results and Rankings'!$H$3:$H$202)) | J7: {=IF('Results and Rankings'!$A7="","",XLOOKUP('Results and Rankings'!$A7,'Core Values Input'!$A$2:$A$201,'Core Values Input'!$V$2:$V$201,NumberOfTeams+1,0,))} | K7: {=IF('Results and Rankings'!$A7="","",XLOOKUP('Results and Rankings'!$A7,'Innovation Project Input'!$A$2:$A$201,'Innovation Project Input'!$N$2:$N$201,NumberOfTeams+1,0,))} | L7: {=IF('Results and Rankings'!$A7="","",XLOOKUP('Results and Rankings'!$A7,'Robot Design Input'!$A$2:$A$201,'Robot Design Input'!$N$2:$N$201,NumberOfTeams+1,0,))} | M7: =IF('Results and Rankings'!$A7="","",IF('Results and Rankings'!$J7="",NumberOfTeams+1,'Results and Rankings'!$J7) + IF('Results and Rankings'!$K7="",NumberOfTeams+1,'Results and Rankings'!$K7) + IF('Results and Rankings'!$L7="",NumberOfTeams+1,'Results and Rankings'!$L7) + 'Results and Rankings'!$I7) | N7: =IF('Results and Rankings'!$A7="","",IF(M7,RANK(M7,M$3:M$202,1)-COUNTIF(M$3:M$202,0),NumberOfTeams+1)) | O7: {=XLOOKUP('Results and Rankings'!$A7,'Core Values Input'!$A$2:$A$201,'Core Values Input'!$W$2:$W$201,0,0,)} -> #VALUE! | P7: {=XLOOKUP('Results and Rankings'!$A7,'Core Values Input'!$A$2:$A$201,'Core Values Input'!$X$2:$X$201,0,0,)} -> #VALUE! | Q7: {=XLOOKUP('Results and Rankings'!$A7,'Core Values Input'!$A$2:$A$201,'Core Values Input'!$Y$2:$Y$201,0,0,)} -> #VALUE! | U7: {=XLOOKUP('Results and Rankings'!$A7,'Core Values Input'!$A$2:$A$201,'Core Values Input'!$U$2:$U$201,0,0,)} -> #VALUE! | V7: {=XLOOKUP('Results and Rankings'!$A7,'Innovation Project Input'!$A$2:$A$201,'Innovation Project Input'!$M$2:$M$201,0,0,)} -> #VALUE! | W7: {=XLOOKUP('Results and Rankings'!$A7,'Robot Design Input'!$A$2:$A$201,'Robot Design Input'!$M$2:$M$201,0,0,)} -> #VALUE! | X7: =IF(ISERR(GEOMEAN('Results and Rankings'!$H7,'Results and Rankings'!$U7,'Results and Rankings'!$V7,'Results and Rankings'!$W7)),0,GEOMEAN('Results and Rankings'!$H7,'Results and Rankings'!$U7,'Results and Rankings'!$V7,'Results and Rankings'!$W7)) -> 0 | Y7: =IF(X7,_xlfn.RANK.EQ(X7,X$3:X$110,0),NumberOfTeams) -> 0
A8: {=XLOOKUP(6,'Team and Program Information'!$B$3:$B$202,'Team and Program Information'!$C$3:$C$202,"ERROR",0)} | B8: {=XLOOKUP('Results and Rankings'!$A8,'Team and Program Information'!$C$3:$C$202,'Team and Program Information'!$D$3:$D$202,"",0,)} -> #VALUE! | C8: {=IF('Results and Rankings'!$A8="","",XLOOKUP('Results and Rankings'!$A8,'Robot Game Scores'!$B$2:$B$201,'Robot Game Scores'!$D$2:$D$201,0,0,))} | D8: {=IF('Results and Rankings'!$A8="","",XLOOKUP('Results and Rankings'!$A8,'Robot Game Scores'!$B$2:$B$201,'Robot Game Scores'!$E$2:$E$201,0,0,))} | E8: {=IF('Results and Rankings'!$A8="","",XLOOKUP('Results and Rankings'!$A8,'Robot Game Scores'!$B$2:$B$201,'Robot Game Scores'!$F$2:$F$201,0,0,))} | F8: {=IF('Results and Rankings'!$A8="","",XLOOKUP('Results and Rankings'!$A8,'Robot Game Scores'!$B$2:$B$201,'Robot Game Scores'!$G$2:$G$201,0,0,))} | G8: {=IF('Results and Rankings'!$A8="","",XLOOKUP('Results and Rankings'!$A8,'Robot Game Scores'!$B$2:$B$201,'Robot Game Scores'!$H$2:$H$201,0,0,))} | H8: =IF('Results and Rankings'!$A8="","",IF(ISNA(LARGE('Results and Rankings'!$C8:$G8,1)+0.0001*LARGE('Results and Rankings'!$C8:$G8,2)+0.0000001*LARGE('Results and Rankings'!$C8:$G8,3)+1E-11*LARGE('Results and Rankings'!$C8:$G8,4)+1E-14*LARGE('Results and Rankings'!$C8:$G8,5)),0,LARGE('Results and Rankings'!$C8:$G8,1)+0.0001*LARGE('Results and Rankings'!$C8:$G8,2)+0.0000001*LARGE('Results and Rankings'!$C8:$G8,3)+1E-11*LARGE('Results and Rankings'!$C8:$G8,4)+1E-14*LARGE('Results and Rankings'!$C8:$G8,5))) | I8: =IF('Results and Rankings'!$A8="","",_xlfn.RANK.EQ('Results and Rankings'!$H8,'Results and Rankings'!$H$3:$H$202)) | J8: {=IF('Results and Rankings'!$A8="","",XLOOKUP('Results and Rankings'!$A8,'Core Values Input'!$A$2:$A$201,'Core Values Input'!$V$2:$V$201,NumberOfTeams+1,0,))} | K8: {=IF('Results and Rankings'!$A8="","",XLOOKUP('Results and Rankings'!$A8,'Innovation Project Input'!$A$2:$A$201,'Innovation Project Input'!$N$2:$N$201,NumberOfTeams+1,0,))} | L8: {=IF('Results and Rankings'!$A8="","",XLOOKUP('Results and Rankings'!$A8,'Robot Design Input'!$A$2:$A$201,'Robot Design Input'!$N$2:$N$201,NumberOfTeams+1,0,))} | M8: =IF('Results and Rankings'!$A8="","",IF('Results and Rankings'!$J8="",NumberOfTeams+1,'Results and Rankings'!$J8) + IF('Results and Rankings'!$K8="",NumberOfTeams+1,'Results and Rankings'!$K8) + IF('Results and Rankings'!$L8="",NumberOfTeams+1,'Results and Rankings'!$L8) + 'Results and Rankings'!$I8) | N8: =IF('Results and Rankings'!$A8="","",IF(M8,RANK(M8,M$3:M$202,1)-COUNTIF(M$3:M$202,0),NumberOfTeams+1)) | O8: {=XLOOKUP('Results and Rankings'!$A8,'Core Values Input'!$A$2:$A$201,'Core Values Input'!$W$2:$W$201,0,0,)} -> #VALUE! | P8: {=XLOOKUP('Results and Rankings'!$A8,'Core Values Input'!$A$2:$A$201,'Core Values Input'!$X$2:$X$201,0,0,)} -> #VALUE! | Q8: {=XLOOKUP('Results and Rankings'!$A8,'Core Values Input'!$A$2:$A$201,'Core Values Input'!$Y$2:$Y$201,0,0,)} -> #VALUE! | U8: {=XLOOKUP('Results and Rankings'!$A8,'Core Values Input'!$A$2:$A$201,'Core Values Input'!$U$2:$U$201,0,0,)} -> #VALUE! | V8: {=XLOOKUP('Results and Rankings'!$A8,'Innovation Project Input'!$A$2:$A$201,'Innovation Project Input'!$M$2:$M$201,0,0,)} -> #VALUE! | W8: {=XLOOKUP('Results and Rankings'!$A8,'Robot Design Input'!$A$2:$A$201,'Robot Design Input'!$M$2:$M$201,0,0,)} -> #VALUE! | X8: =IF(ISERR(GEOMEAN('Results and Rankings'!$H8,'Results and Rankings'!$U8,'Results and Rankings'!$V8,'Results and Rankings'!$W8)),0,GEOMEAN('Results and Rankings'!$H8,'Results and Rankings'!$U8,'Results and Rankings'!$V8,'Results and Rankings'!$W8)) -> 0 | Y8: =IF(X8,_xlfn.RANK.EQ(X8,X$3:X$110,0),NumberOfTeams) -> 0
A9: {=XLOOKUP(7,'Team and Program Information'!$B$3:$B$202,'Team and Program Information'!$C$3:$C$202,"ERROR",0)} | B9: {=XLOOKUP('Results and Rankings'!$A9,'Team and Program Information'!$C$3:$C$202,'Team and Program Information'!$D$3:$D$202,"",0,)} -> #VALUE! | C9: {=IF('Results and Rankings'!$A9="","",XLOOKUP('Results and Rankings'!$A9,'Robot Game Scores'!$B$2:$B$201,'Robot Game Scores'!$D$2:$D$201,0,0,))} | D9: {=IF('Results and Rankings'!$A9="","",XLOOKUP('Results and Rankings'!$A9,'Robot Game Scores'!$B$2:$B$201,'Robot Game Scores'!$E$2:$E$201,0,0,))} | E9: {=IF('Results and Rankings'!$A9="","",XLOOKUP('Results and Rankings'!$A9,'Robot Game Scores'!$B$2:$B$201,'Robot Game Scores'!$F$2:$F$201,0,0,))} | F9: {=IF('Results and Rankings'!$A9="","",XLOOKUP('Results and Rankings'!$A9,'Robot Game Scores'!$B$2:$B$201,'Robot Game Scores'!$G$2:$G$201,0,0,))} | G9: {=IF('Results and Rankings'!$A9="","",XLOOKUP('Results and Rankings'!$A9,'Robot Game Scores'!$B$2:$B$201,'Robot Game Scores'!$H$2:$H$201,0,0,))} | H9: =IF('Results and Rankings'!$A9="","",IF(ISNA(LARGE('Results and Rankings'!$C9:$G9,1)+0.0001*LARGE('Results and Rankings'!$C9:$G9,2)+0.0000001*LARGE('Results and Rankings'!$C9:$G9,3)+1E-11*LARGE('Results and Rankings'!$C9:$G9,4)+1E-14*LARGE('Results and Rankings'!$C9:$G9,5)),0,LARGE('Results and Rankings'!$C9:$G9,1)+0.0001*LARGE('Results and Rankings'!$C9:$G9,2)+0.0000001*LARGE('Results and Rankings'!$C9:$G9,3)+1E-11*LARGE('Results and Rankings'!$C9:$G9,4)+1E-14*LARGE('Results and Rankings'!$C9:$G9,5))) | I9: =IF('Results and Rankings'!$A9="","",_xlfn.RANK.EQ('Results and Rankings'!$H9,'Results and Rankings'!$H$3:$H$202)) | J9: {=IF('Results and Rankings'!$A9="","",XLOOKUP('Results and Rankings'!$A9,'Core Values Input'!$A$2:$A$201,'Core Values Input'!$V$2:$V$201,NumberOfTeams+1,0,))} | K9: {=IF('Results and Rankings'!$A9="","",XLOOKUP('Results and Rankings'!$A9,'Innovation Project Input'!$A$2:$A$201,'Innovation Project Input'!$N$2:$N$201,NumberOfTeams+1,0,))} | L9: {=IF('Results and Rankings'!$A9="","",XLOOKUP('Results and Rankings'!$A9,'Robot Design Input'!$A$2:$A$201,'Robot Design Input'!$N$2:$N$201,NumberOfTeams+1,0,))} | M9: =IF('Results and Rankings'!$A9="","",IF('Results and Rankings'!$J9="",NumberOfTeams+1,'Results and Rankings'!$J9) + IF('Results and Rankings'!$K9="",NumberOfTeams+1,'Results and Rankings'!$K9) + IF('Results and Rankings'!$L9="",NumberOfTeams+1,'Results and Rankings'!$L9) + 'Results and Rankings'!$I9) | N9: =IF('Results and Rankings'!$A9="","",IF(M9,RANK(M9,M$3:M$202,1)-COUNTIF(M$3:M$202,0),NumberOfTeams+1)) | O9: {=XLOOKUP('Results and Rankings'!$A9,'Core Values Input'!$A$2:$A$201,'Core Values Input'!$W$2:$W$201,0,0,)} -> #VALUE! | P9: {=XLOOKUP('Results and Rankings'!$A9,'Core Values Input'!$A$2:$A$201,'Core Values Input'!$X$2:$X$201,0,0,)} -> #VALUE! | Q9: {=XLOOKUP('Results and Rankings'!$A9,'Core Values Input'!$A$2:$A$201,'Core Values Input'!$Y$2:$Y$201,0,0,)} -> #VALUE! | U9: {=XLOOKUP('Results and Rankings'!$A9,'Core Values Input'!$A$2:$A$201,'Core Values Input'!$U$2:$U$201,0,0,)} -> #VALUE! | V9: {=XLOOKUP('Results and Rankings'!$A9,'Innovation Project Input'!$A$2:$A$201,'Innovation Project Input'!$M$2:$M$201,0,0,)} -> #VALUE! | W9: {=XLOOKUP('Results and Rankings'!$A9,'Robot Design Input'!$A$2:$A$201,'Robot Design Input'!$M$2:$M$201,0,0,)} -> #VALUE! | X9: =IF(ISERR(GEOMEAN('Results and Rankings'!$H9,'Results and Rankings'!$U9,'Results and Rankings'!$V9,'Results and Rankings'!$W9)),0,GEOMEAN('Results and Rankings'!$H9,'Results and Rankings'!$U9,'Results and Rankings'!$V9,'Results and Rankings'!$W9)) -> 0 | Y9: =IF(X9,_xlfn.RANK.EQ(X9,X$3:X$110,0),NumberOfTeams) -> 0
A10: {=XLOOKUP(8,'Team and Program Information'!$B$3:$B$202,'Team and Program Information'!$C$3:$C$202,"ERROR",0)} | B10: {=XLOOKUP('Results and Rankings'!$A10,'Team and Program Information'!$C$3:$C$202,'Team and Program Information'!$D$3:$D$202,"",0,)} -> #VALUE! | C10: {=IF('Results and Rankings'!$A10="","",XLOOKUP('Results and Rankings'!$A10,'Robot Game Scores'!$B$2:$B$201,'Robot Game Scores'!$D$2:$D$201,0,0,))} | D10: {=IF('Results and Rankings'!$A10="","",XLOOKUP('Results and Rankings'!$A10,'Robot Game Scores'!$B$2:$B$201,'Robot Game Scores'!$E$2:$E$201,0,0,))} | E10: {=IF('Results and Rankings'!$A10="","",XLOOKUP('Results and Rankings'!$A10,'Robot Game Scores'!$B$2:$B$201,'Robot Game Scores'!$F$2:$F$201,0,0,))} | F10: {=IF('Results and Rankings'!$A10="","",XLOOKUP('Results and Rankings'!$A10,'Robot Game Scores'!$B$2:$B$201,'Robot Game Scores'!$G$2:$G$201,0,0,))} | G10: {=IF('Results and Rankings'!$A10="","",XLOOKUP('Results and Rankings'!$A10,'Robot Game Scores'!$B$2:$B$201,'Robot Game Scores'!$H$2:$H$201,0,0,))} | H10: =IF('Results and Rankings'!$A10="","",IF(ISNA(LARGE('Results and Rankings'!$C10:$G10,1)+0.0001*LARGE('Results and Rankings'!$C10:$G10,2)+0.0000001*LARGE('Results and Rankings'!$C10:$G10,3)+1E-11*LARGE('Results and Rankings'!$C10:$G10,4)+1E-14*LARGE('Results and Rankings'!$C10:$G10,5)),0,LARGE('Results and Rankings'!$C10:$G10,1)+0.0001*LARGE('Results and Rankings'!$C10:$G10,2)+0.0000001*LARGE('Results and Rankings'!$C10:$G10,3)+1E-11*LARGE('Results and Rankings'!$C10:$G10,4)+1E-14*LARGE('Results and Rankings'!$C10:$G10,5))) | I10: =IF('Results and Rankings'!$A10="","",_xlfn.RANK.EQ('Results and Rankings'!$H10,'Results and Rankings'!$H$3:$H$202)) | J10: {=IF('Results and Rankings'!$A10="","",XLOOKUP('Results and Rankings'!$A10,'Core Values Input'!$A$2:$A$201,'Core Values Input'!$V$2:$V$201,NumberOfTeams+1,0,))} | K10: {=IF('Results and Rankings'!$A10="","",XLOOKUP('Results and Rankings'!$A10,'Innovation Project Input'!$A$2:$A$201,'Innovation Project Input'!$N$2:$N$201,NumberOfTeams+1,0,))} | L10: {=IF('Results and Rankings'!$A10="","",XLOOKUP('Results and Rankings'!$A10,'Robot Design Input'!$A$2:$A$201,'Robot Design Input'!$N$2:$N$201,NumberOfTeams+1,0,))} | M10: =IF('Results and Rankings'!$A10="","",IF('Results and Rankings'!$J10="",NumberOfTeams+1,'Results and Rankings'!$J10) + IF('Results and Rankings'!$K10="",NumberOfTeams+1,'Results and Rankings'!$K10) + IF('Results and Rankings'!$L10="",NumberOfTeams+1,'Results and Rankings'!$L10) + 'Results and Rankings'!$I10) | N10: =IF('Results and Rankings'!$A10="","",IF(M10,RANK(M10,M$3:M$202,1)-COUNTIF(M$3:M$202,0),NumberOfTeams+1)) | O10: {=XLOOKUP('Results and Rankings'!$A10,'Core Values Input'!$A$2:$A$201,'Core Values Input'!$W$2:$W$201,0,0,)} -> #VALUE! | P10: {=XLOOKUP('Results and Rankings'!$A10,'Core Values Input'!$A$2:$A$201,'Core Values Input'!$X$2:$X$201,0,0,)} -> #VALUE! | Q10: {=XLOOKUP('Results and Rankings'!$A10,'Core Values Input'!$A$2:$A$201,'Core Values Input'!$Y$2:$Y$201,0,0,)} -> #VALUE! | U10: {=XLOOKUP('Results and Rankings'!$A10,'Core Values Input'!$A$2:$A$201,'Core Values Input'!$U$2:$U$201,0,0,)} -> #VALUE! | V10: {=XLOOKUP('Results and Rankings'!$A10,'Innovation Project Input'!$A$2:$A$201,'Innovation Project Input'!$M$2:$M$201,0,0,)} -> #VALUE! | W10: {=XLOOKUP('Results and Rankings'!$A10,'Robot Design Input'!$A$2:$A$201,'Robot Design Input'!$M$2:$M$201,0,0,)} -> #VALUE! | X10: =IF(ISERR(GEOMEAN('Results and Rankings'!$H10,'Results and Rankings'!$U10,'Results and Rankings'!$V10,'Results and Rankings'!$W10)),0,GEOMEAN('Results and Rankings'!$H10,'Results and Rankings'!$U10,'Results and Rankings'!$V10,'Results and Rankings'!$W10)) -> 0 | Y10: =IF(X10,_xlfn.RANK.EQ(X10,X$3:X$110,0),NumberOfTeams) -> 0
A11: {=XLOOKUP(9,'Team and Program Information'!$B$3:$B$202,'Team and Program Information'!$C$3:$C$202,"ERROR",0)} | B11: {=XLOOKUP('Results and Rankings'!$A11,'Team and Program Information'!$C$3:$C$202,'Team and Program Information'!$D$3:$D$202,"",0,)} -> #VALUE! | C11: {=IF('Results and Rankings'!$A11="","",XLOOKUP('Results and Rankings'!$A11,'Robot Game Scores'!$B$2:$B$201,'Robot Game Scores'!$D$2:$D$201,0,0,))} | D11: {=IF('Results and Rankings'!$A11="","",XLOOKUP('Results and Rankings'!$A11,'Robot Game Scores'!$B$2:$B$201,'Robot Game Scores'!$E$2:$E$201,0,0,))} | E11: {=IF('Results and Rankings'!$A11="","",XLOOKUP('Results and Rankings'!$A11,'Robot Game Scores'!$B$2:$B$201,'Robot Game Scores'!$F$2:$F$201,0,0,))} | F11: {=IF('Results and Rankings'!$A11="","",XLOOKUP('Results and Rankings'!$A11,'Robot Game Scores'!$B$2:$B$201,'Robot Game Scores'!$G$2:$G$201,0,0,))} | G11: {=IF('Results and Rankings'!$A11="","",XLOOKUP('Results and Rankings'!$A11,'Robot Game Scores'!$B$2:$B$201,'Robot Game Scores'!$H$2:$H$201,0,0,))} | H11: =IF('Results and Rankings'!$A11="","",IF(ISNA(LARGE('Results and Rankings'!$C11:$G11,1)+0.0001*LARGE('Results and Rankings'!$C11:$G11,2)+0.0000001*LARGE('Results and Rankings'!$C11:$G11,3)+1E-11*LARGE('Results and Rankings'!$C11:$G11,4)+1E-14*LARGE('Results and Rankings'!$C11:$G11,5)),0,LARGE('Results and Rankings'!$C11:$G11,1)+0.0001*LARGE('Results and Rankings'!$C11:$G11,2)+0.0000001*LARGE('Results and Rankings'!$C11:$G11,3)+1E-11*LARGE('Results and Rankings'!$C11:$G11,4)+1E-14*LARGE('Results and Rankings'!$C11:$G11,5))) | I11: =IF('Results and Rankings'!$A11="","",_xlfn.RANK.EQ('Results and Rankings'!$H11,'Results and Rankings'!$H$3:$H$202)) | J11: {=IF('Results and Rankings'!$A11="","",XLOOKUP('Results and Rankings'!$A11,'Core Values Input'!$A$2:$A$201,'Core Values Input'!$V$2:$V$201,NumberOfTeams+1,0,))} | K11: {=IF('Results and Rankings'!$A11="","",XLOOKUP('Results and Rankings'!$A11,'Innovation Project Input'!$A$2:$A$201,'Innovation Project Input'!$N$2:$N$201,NumberOfTeams+1,0,))} | L11: {=IF('Results and Rankings'!$A11="","",XLOOKUP('Results and Rankings'!$A11,'Robot Design Input'!$A$2:$A$201,'Robot Design Input'!$N$2:$N$201,NumberOfTeams+1,0,))} | M11: =IF('Results and Rankings'!$A11="","",IF('Results and Rankings'!$J11="",NumberOfTeams+1,'Results and Rankings'!$J11) + IF('Results and Rankings'!$K11="",NumberOfTeams+1,'Results and Rankings'!$K11) + IF('Results and Rankings'!$L11="",NumberOfTeams+1,'Results and Rankings'!$L11) + 'Results and Rankings'!$I11) | N11: =IF('Results and Rankings'!$A11="","",IF(M11,RANK(M11,M$3:M$202,1)-COUNTIF(M$3:M$202,0),NumberOfTeams+1)) | O11: {=XLOOKUP('Results and Rankings'!$A11,'Core Values Input'!$A$2:$A$201,'Core Values Input'!$W$2:$W$201,0,0,)} -> #VALUE! | P11: {=XLOOKUP('Results and Rankings'!$A11,'Core Values Input'!$A$2:$A$201,'Core Values Input'!$X$2:$X$201,0,0,)} -> #VALUE! | Q11: {=XLOOKUP('Results and Rankings'!$A11,'Core Values Input'!$A$2:$A$201,'Core Values Input'!$Y$2:$Y$201,0,0,)} -> #VALUE! | U11: {=XLOOKUP('Results and Rankings'!$A11,'Core Values Input'!$A$2:$A$201,'Core Values Input'!$U$2:$U$201,0,0,)} -> #VALUE! | V11: {=XLOOKUP('Results and Rankings'!$A11,'Innovation Project Input'!$A$2:$A$201,'Innovation Project Input'!$M$2:$M$201,0,0,)} -> #VALUE! | W11: {=XLOOKUP('Results and Rankings'!$A11,'Robot Design Input'!$A$2:$A$201,'Robot Design Input'!$M$2:$M$201,0,0,)} -> #VALUE! | X11: =IF(ISERR(GEOMEAN('Results and Rankings'!$H11,'Results and Rankings'!$U11,'Results and Rankings'!$V11,'Results and Rankings'!$W11)),0,GEOMEAN('Results and Rankings'!$H11,'Results and Rankings'!$U11,'Results and Rankings'!$V11,'Results and Rankings'!$W11)) -> 0 | Y11: =IF(X11,_xlfn.RANK.EQ(X11,X$3:X$110,0),NumberOfTeams) -> 0
A12: {=XLOOKUP(10,'Team and Program Information'!$B$3:$B$202,'Team and Program Information'!$C$3:$C$202,"ERROR",0)} | B12: {=XLOOKUP('Results and Rankings'!$A12,'Team and Program Information'!$C$3:$C$202,'Team and Program Information'!$D$3:$D$202,"",0,)} -> #VALUE! | C12: {=IF('Results and Rankings'!$A12="","",XLOOKUP('Results and Rankings'!$A12,'Robot Game Scores'!$B$2:$B$201,'Robot Game Scores'!$D$2:$D$201,0,0,))} | D12: {=IF('Results and Rankings'!$A12="","",XLOOKUP('Results and Rankings'!$A12,'Robot Game Scores'!$B$2:$B$201,'Robot Game Scores'!$E$2:$E$201,0,0,))} | E12: {=IF('Results and Rankings'!$A12="","",XLOOKUP('Results and Rankings'!$A12,'Robot Game Scores'!$B$2:$B$201,'Robot Game Scores'!$F$2:$F$201,0,0,))} | F12: {=IF('Results and Rankings'!$A12="","",XLOOKUP('Results and Rankings'!$A12,'Robot Game Scores'!$B$2:$B$201,'Robot Game Scores'!$G$2:$G$201,0,0,))} | G12: {=IF('Results and Rankings'!$A12="","",XLOOKUP('Results and Rankings'!$A12,'Robot Game Scores'!$B$2:$B$201,'Robot Game Scores'!$H$2:$H$201,0,0,))} | H12: =IF('Results and Rankings'!$A12="","",IF(ISNA(LARGE('Results and Rankings'!$C12:$G12,1)+0.0001*LARGE('Results and Rankings'!$C12:$G12,2)+0.0000001*LARGE('Results and Rankings'!$C12:$G12,3)+1E-11*LARGE('Results and Rankings'!$C12:$G12,4)+1E-14*LARGE('Results and Rankings'!$C12:$G12,5)),0,LARGE('Results and Rankings'!$C12:$G12,1)+0.0001*LARGE('Results and Rankings'!$C12:$G12,2)+0.0000001*LARGE('Results and Rankings'!$C12:$G12,3)+1E-11*LARGE('Results and Rankings'!$C12:$G12,4)+1E-14*LARGE('Results and Rankings'!$C12:$G12,5))) | I12: =IF('Results and Rankings'!$A12="","",_xlfn.RANK.EQ('Results and Rankings'!$H12,'Results and Rankings'!$H$3:$H$202)) | J12: {=IF('Results and Rankings'!$A12="","",XLOOKUP('Results and Rankings'!$A12,'Core Values Input'!$A$2:$A$201,'Core Values Input'!$V$2:$V$201,NumberOfTeams+1,0,))} | K12: {=IF('Results and Rankings'!$A12="","",XLOOKUP('Results and Rankings'!$A12,'Innovation Project Input'!$A$2:$A$201,'Innovation Project Input'!$N$2:$N$201,NumberOfTeams+1,0,))} | L12: {=IF('Results and Rankings'!$A12="","",XLOOKUP('Results and Rankings'!$A12,'Robot Design Input'!$A$2:$A$201,'Robot Design Input'!$N$2:$N$201,NumberOfTeams+1,0,))} | M12: =IF('Results and Rankings'!$A12="","",IF('Results and Rankings'!$J12="",NumberOfTeams+1,'Results and Rankings'!$J12) + IF('Results and Rankings'!$K12="",NumberOfTeams+1,'Results and Rankings'!$K12) + IF('Results and Rankings'!$L12="",NumberOfTeams+1,'Results and Rankings'!$L12) + 'Results and Rankings'!$I12) | N12: =IF('Results and Rankings'!$A12="","",IF(M12,RANK(M12,M$3:M$202,1)-COUNTIF(M$3:M$202,0),NumberOfTeams+1)) | O12: {=XLOOKUP('Results and Rankings'!$A12,'Core Values Input'!$A$2:$A$201,'Core Values Input'!$W$2:$W$201,0,0,)} -> #VALUE! | P12: {=XLOOKUP('Results and Rankings'!$A12,'Core Values Input'!$A$2:$A$201,'Core Values Input'!$X$2:$X$201,0,0,)} -> #VALUE! | Q12: {=XLOOKUP('Results and Rankings'!$A12,'Core Values Input'!$A$2:$A$201,'Core Values Input'!$Y$2:$Y$201,0,0,)} -> #VALUE! | U12: {=XLOOKUP('Results and Rankings'!$A12,'Core Values Input'!$A$2:$A$201,'Core Values Input'!$U$2:$U$201,0,0,)} -> #VALUE! | V12: {=XLOOKUP('Results and Rankings'!$A12,'Innovation Project Input'!$A$2:$A$201,'Innovation Project Input'!$M$2:$M$201,0,0,)} -> #VALUE! | W12: {=XLOOKUP('Results and Rankings'!$A12,'Robot Design Input'!$A$2:$A$201,'Robot Design Input'!$M$2:$M$201,0,0,)} -> #VALUE! | X12: =IF(ISERR(GEOMEAN('Results and Rankings'!$H12,'Results and Rankings'!$U12,'Results and Rankings'!$V12,'Results and Rankings'!$W12)),0,GEOMEAN('Results and Rankings'!$H12,'Results and Rankings'!$U12,'Results and Rankings'!$V12,'Results and Rankings'!$W12)) -> 0 | Y12: =IF(X12,_xlfn.RANK.EQ(X12,X$3:X$110,0),NumberOfTeams) -> 0
A13: {=XLOOKUP(11,'Team and Program Information'!$B$3:$B$202,'Team and Program Information'!$C$3:$C$202,"ERROR",0)} | B13: {=XLOOKUP('Results and Rankings'!$A13,'Team and Program Information'!$C$3:$C$202,'Team and Program Information'!$D$3:$D$202,"",0,)} -> #VALUE! | C13: {=IF('Results and Rankings'!$A13="","",XLOOKUP('Results and Rankings'!$A13,'Robot Game Scores'!$B$2:$B$201,'Robot Game Scores'!$D$2:$D$201,0,0,))} | D13: {=IF('Results and Rankings'!$A13="","",XLOOKUP('Results and Rankings'!$A13,'Robot Game Scores'!$B$2:$B$201,'Robot Game Scores'!$E$2:$E$201,0,0,))} | E13: {=IF('Results and Rankings'!$A13="","",XLOOKUP('Results and Rankings'!$A13,'Robot Game Scores'!$B$2:$B$201,'Robot Game Scores'!$F$2:$F$201,0,0,))} | F13: {=IF('Results and Rankings'!$A13="","",XLOOKUP('Results and Rankings'!$A13,'Robot Game Scores'!$B$2:$B$201,'Robot Game Scores'!$G$2:$G$201,0,0,))} | G13: {=IF('Results and Rankings'!$A13="","",XLOOKUP('Results and Rankings'!$A13,'Robot Game Scores'!$B$2:$B$201,'Robot Game Scores'!$H$2:$H$201,0,0,))} | H13: =IF('Results and Rankings'!$A13="","",IF(ISNA(LARGE('Results and Rankings'!$C13:$G13,1)+0.0001*LARGE('Results and Rankings'!$C13:$G13,2)+0.0000001*LARGE('Results and Rankings'!$C13:$G13,3)+1E-11*LARGE('Results and Rankings'!$C13:$G13,4)+1E-14*LARGE('Results and Rankings'!$C13:$G13,5)),0,LARGE('Results and Rankings'!$C13:$G13,1)+0.0001*LARGE('Results and Rankings'!$C13:$G13,2)+0.0000001*LARGE('Results and Rankings'!$C13:$G13,3)+1E-11*LARGE('Results and Rankings'!$C13:$G13,4)+1E-14*LARGE('Results and Rankings'!$C13:$G13,5))) | I13: =IF('Results and Rankings'!$A13="","",_xlfn.RANK.EQ('Results and Rankings'!$H13,'Results and Rankings'!$H$3:$H$202)) | J13: {=IF('Results and Rankings'!$A13="","",XLOOKUP('Results and Rankings'!$A13,'Core Values Input'!$A$2:$A$201,'Core Values Input'!$V$2:$V$201,NumberOfTeams+1,0,))} | K13: {=IF('Results and Rankings'!$A13="","",XLOOKUP('Results and Rankings'!$A13,'Innovation Project Input'!$A$2:$A$201,'Innovation Project Input'!$N$2:$N$201,NumberOfTeams+1,0,))} | L13: {=IF('Results and Rankings'!$A13="","",XLOOKUP('Results and Rankings'!$A13,'Robot Design Input'!$A$2:$A$201,'Robot Design Input'!$N$2:$N$201,NumberOfTeams+1,0,))} | M13: =IF('Results and Rankings'!$A13="","",IF('Results and Rankings'!$J13="",NumberOfTeams+1,'Results and Rankings'!$J13) + IF('Results and Rankings'!$K13="",NumberOfTeams+1,'Results and Rankings'!$K13) + IF('Results and Rankings'!$L13="",NumberOfTeams+1,'Results and Rankings'!$L13) + 'Results and Rankings'!$I13) | N13: =IF('Results and Rankings'!$A13="","",IF(M13,RANK(M13,M$3:M$202,1)-COUNTIF(M$3:M$202,0),NumberOfTeams+1)) | O13: {=XLOOKUP('Results and Rankings'!$A13,'Core Values Input'!$A$2:$A$201,'Core Values Input'!$W$2:$W$201,0,0,)} -> #VALUE! | P13: {=XLOOKUP('Results and Rankings'!$A13,'Core Values Input'!$A$2:$A$201,'Core Values Input'!$X$2:$X$201,0,0,)} -> #VALUE! | Q13: {=XLOOKUP('Results and Rankings'!$A13,'Core Values Input'!$A$2:$A$201,'Core Values Input'!$Y$2:$Y$201,0,0,)} -> #VALUE! | U13: {=XLOOKUP('Results and Rankings'!$A13,'Core Values Input'!$A$2:$A$201,'Core Values Input'!$U$2:$U$201,0,0,)} -> #VALUE! | V13: {=XLOOKUP('Results and Rankings'!$A13,'Innovation Project Input'!$A$2:$A$201,'Innovation Project Input'!$M$2:$M$201,0,0,)} -> #VALUE! | W13: {=XLOOKUP('Results and Rankings'!$A13,'Robot Design Input'!$A$2:$A$201,'Robot Design Input'!$M$2:$M$201,0,0,)} -> #VALUE! | X13: =IF(ISERR(GEOMEAN('Results and Rankings'!$H13,'Results and Rankings'!$U13,'Results and Rankings'!$V13,'Results and Rankings'!$W13)),0,GEOMEAN('Results and Rankings'!$H13,'Results and Rankings'!$U13,'Results and Rankings'!$V13,'Results and Rankings'!$W13)) -> 0 | Y13: =IF(X13,_xlfn.RANK.EQ(X13,X$3:X$110,0),NumberOfTeams) -> 0
A14: {=XLOOKUP(12,'Team and Program Information'!$B$3:$B$202,'Team and Program Information'!$C$3:$C$202,"ERROR",0)} | B14: {=XLOOKUP('Results and Rankings'!$A14,'Team and Program Information'!$C$3:$C$202,'Team and Program Information'!$D$3:$D$202,"",0,)} -> #VALUE! | C14: {=IF('Results and Rankings'!$A14="","",XLOOKUP('Results and Rankings'!$A14,'Robot Game Scores'!$B$2:$B$201,'Robot Game Scores'!$D$2:$D$201,0,0,))} | D14: {=IF('Results and Rankings'!$A14="","",XLOOKUP('Results and Rankings'!$A14,'Robot Game Scores'!$B$2:$B$201,'Robot Game Scores'!$E$2:$E$201,0,0,))} | E14: {=IF('Results and Rankings'!$A14="","",XLOOKUP('Results and Rankings'!$A14,'Robot Game Scores'!$B$2:$B$201,'Robot Game Scores'!$F$2:$F$201,0,0,))} | F14: {=IF('Results and Rankings'!$A14="","",XLOOKUP('Results and Rankings'!$A14,'Robot Game Scores'!$B$2:$B$201,'Robot Game Scores'!$G$2:$G$201,0,0,))} | G14: {=IF('Results and Rankings'!$A14="","",XLOOKUP('Results and Rankings'!$A14,'Robot Game Scores'!$B$2:$B$201,'Robot Game Scores'!$H$2:$H$201,0,0,))} | H14: =IF('Results and Rankings'!$A14="","",IF(ISNA(LARGE('Results and Rankings'!$C14:$G14,1)+0.0001*LARGE('Results and Rankings'!$C14:$G14,2)+0.0000001*LARGE('Results and Rankings'!$C14:$G14,3)+1E-11*LARGE('Results and Rankings'!$C14:$G14,4)+1E-14*LARGE('Results and Rankings'!$C14:$G14,5)),0,LARGE('Results and Rankings'!$C14:$G14,1)+0.0001*LARGE('Results and Rankings'!$C14:$G14,2)+0.0000001*LARGE('Results and Rankings'!$C14:$G14,3)+1E-11*LARGE('Results and Rankings'!$C14:$G14,4)+1E-14*LARGE('Results and Rankings'!$C14:$G14,5))) | I14: =IF('Results and Rankings'!$A14="","",_xlfn.RANK.EQ('Results and Rankings'!$H14,'Results and Rankings'!$H$3:$H$202)) | J14: {=IF('Results and Rankings'!$A14="","",XLOOKUP('Results and Rankings'!$A14,'Core Values Input'!$A$2:$A$201,'Core Values Input'!$V$2:$V$201,NumberOfTeams+1,0,))} | K14: {=IF('Results and Rankings'!$A14="","",XLOOKUP('Results and Rankings'!$A14,'Innovation Project Input'!$A$2:$A$201,'Innovation Project Input'!$N$2:$N$201,NumberOfTeams+1,0,))} | L14: {=IF('Results and Rankings'!$A14="","",XLOOKUP('Results and Rankings'!$A14,'Robot Design Input'!$A$2:$A$201,'Robot Design Input'!$N$2:$N$201,NumberOfTeams+1,0,))} | M14: =IF('Results and Rankings'!$A14="","",IF('Results and Rankings'!$J14="",NumberOfTeams+1,'Results and Rankings'!$J14) + IF('Results and Rankings'!$K14="",NumberOfTeams+1,'Results and Rankings'!$K14) + IF('Results and Rankings'!$L14="",NumberOfTeams+1,'Results and Rankings'!$L14) + 'Results and Rankings'!$I14) | N14: =IF('Results and Rankings'!$A14="","",IF(M14,RANK(M14,M$3:M$202,1)-COUNTIF(M$3:M$202,0),NumberOfTeams+1)) | O14: {=XLOOKUP('Results and Rankings'!$A14,'Core Values Input'!$A$2:$A$201,'Core Values Input'!$W$2:$W$201,0,0,)} -> #VALUE! | P14: {=XLOOKUP('Results and Rankings'!$A14,'Core Values Input'!$A$2:$A$201,'Core Values Input'!$X$2:$X$201,0,0,)} -> #VALUE! | Q14: {=XLOOKUP('Results and Rankings'!$A14,'Core Values Input'!$A$2:$A$201,'Core Values Input'!$Y$2:$Y$201,0,0,)} -> #VALUE! | U14: {=XLOOKUP('Results and Rankings'!$A14,'Core Values Input'!$A$2:$A$201,'Core Values Input'!$U$2:$U$201,0,0,)} -> #VALUE! | V14: {=XLOOKUP('Results and Rankings'!$A14,'Innovation Project Input'!$A$2:$A$201,'Innovation Project Input'!$M$2:$M$201,0,0,)} -> #VALUE! | W14: {=XLOOKUP('Results and Rankings'!$A14,'Robot Design Input'!$A$2:$A$201,'Robot Design Input'!$M$2:$M$201,0,0,)} -> #VALUE! | X14: =IF(ISERR(GEOMEAN('Results and Rankings'!$H14,'Results and Rankings'!$U14,'Results and Rankings'!$V14,'Results and Rankings'!$W14)),0,GEOMEAN('Results and Rankings'!$H14,'Results and Rankings'!$U14,'Results and Rankings'!$V14,'Results and Rankings'!$W14)) -> 0 | Y14: =IF(X14,_xlfn.RANK.EQ(X14,X$3:X$110,0),NumberOfTeams) -> 0
A15: {=XLOOKUP(13,'Team and Program Information'!$B$3:$B$202,'Team and Program Information'!$C$3:$C$202,"ERROR",0)} | B15: {=XLOOKUP('Results and Rankings'!$A15,'Team and Program Information'!$C$3:$C$202,'Team and Program Information'!$D$3:$D$202,"",0,)} -> #VALUE! | C15: {=IF('Results and Rankings'!$A15="","",XLOOKUP('Results and Rankings'!$A15,'Robot Game Scores'!$B$2:$B$201,'Robot Game Scores'!$D$2:$D$201,0,0,))} | D15: {=IF('Results and Rankings'!$A15="","",XLOOKUP('Results and Rankings'!$A15,'Robot Game Scores'!$B$2:$B$201,'Robot Game Scores'!$E$2:$E$201,0,0,))} | E15: {=IF('Results and Rankings'!$A15="","",XLOOKUP('Results and Rankings'!$A15,'Robot Game Scores'!$B$2:$B$201,'Robot Game Scores'!$F$2:$F$201,0,0,))} | F15: {=IF('Results and Rankings'!$A15="","",XLOOKUP('Results and Rankings'!$A15,'Robot Game Scores'!$B$2:$B$201,'Robot Game Scores'!$G$2:$G$201,0,0,))} | G15: {=IF('Results and Rankings'!$A15="","",XLOOKUP('Results and Rankings'!$A15,'Robot Game Scores'!$B$2:$B$201,'Robot Game Scores'!$H$2:$H$201,0,0,))} | H15: =IF('Results and Rankings'!$A15="","",IF(ISNA(LARGE('Results and Rankings'!$C15:$G15,1)+0.0001*LARGE('Results and Rankings'!$C15:$G15,2)+0.0000001*LARGE('Results and Rankings'!$C15:$G15,3)+1E-11*LARGE('Results and Rankings'!$C15:$G15,4)+1E-14*LARGE('Results and Rankings'!$C15:$G15,5)),0,LARGE('Results and Rankings'!$C15:$G15,1)+0.0001*LARGE('Results and Rankings'!$C15:$G15,2)+0.0000001*LARGE('Results and Rankings'!$C15:$G15,3)+1E-11*LARGE('Results and Rankings'!$C15:$G15,4)+1E-14*LARGE('Results and Rankings'!$C15:$G15,5))) | I15: =IF('Results and Rankings'!$A15="","",_xlfn.RANK.EQ('Results and Rankings'!$H15,'Results and Rankings'!$H$3:$H$202)) | J15: {=IF('Results and Rankings'!$A15="","",XLOOKUP('Results and Rankings'!$A15,'Core Values Input'!$A$2:$A$201,'Core Values Input'!$V$2:$V$201,NumberOfTeams+1,0,))} | K15: {=IF('Results and Rankings'!$A15="","",XLOOKUP('Results and Rankings'!$A15,'Innovation Project Input'!$A$2:$A$201,'Innovation Project Input'!$N$2:$N$201,NumberOfTeams+1,0,))} | L15: {=IF('Results and Rankings'!$A15="","",XLOOKUP('Results and Rankings'!$A15,'Robot Design Input'!$A$2:$A$201,'Robot Design Input'!$N$2:$N$201,NumberOfTeams+1,0,))} | M15: =IF('Results and Rankings'!$A15="","",IF('Results and Rankings'!$J15="",NumberOfTeams+1,'Results and Rankings'!$J15) + IF('Results and Rankings'!$K15="",NumberOfTeams+1,'Results and Rankings'!$K15) + IF('Results and Rankings'!$L15="",NumberOfTeams+1,'Results and Rankings'!$L15) + 'Results and Rankings'!$I15) | N15: =IF('Results and Rankings'!$A15="","",IF(M15,RANK(M15,M$3:M$202,1)-COUNTIF(M$3:M$202,0),NumberOfTeams+1)) | O15: {=XLOOKUP('Results and Rankings'!$A15,'Core Values Input'!$A$2:$A$201,'Core Values Input'!$W$2:$W$201,0,0,)} -> #VALUE! | P15: {=XLOOKUP('Results and Rankings'!$A15,'Core Values Input'!$A$2:$A$201,'Core Values Input'!$X$2:$X$201,0,0,)} -> #VALUE! | Q15: {=XLOOKUP('Results and Rankings'!$A15,'Core Values Input'!$A$2:$A$201,'Core Values Input'!$Y$2:$Y$201,0,0,)} -> #VALUE! | U15: {=XLOOKUP('Results and Rankings'!$A15,'Core Values Input'!$A$2:$A$201,'Core Values Input'!$U$2:$U$201,0,0,)} -> #VALUE! | V15: {=XLOOKUP('Results and Rankings'!$A15,'Innovation Project Input'!$A$2:$A$201,'Innovation Project Input'!$M$2:$M$201,0,0,)} -> #VALUE! | W15: {=XLOOKUP('Results and Rankings'!$A15,'Robot Design Input'!$A$2:$A$201,'Robot Design Input'!$M$2:$M$201,0,0,)} -> #VALUE! | X15: =IF(ISERR(GEOMEAN('Results and Rankings'!$H15,'Results and Rankings'!$U15,'Results and Rankings'!$V15,'Results and Rankings'!$W15)),0,GEOMEAN('Results and Rankings'!$H15,'Results and Rankings'!$U15,'Results and Rankings'!$V15,'Results and Rankings'!$W15)) -> 0 | Y15: =IF(X15,_xlfn.RANK.EQ(X15,X$3:X$110,0),NumberOfTeams) -> 0
A16: {=XLOOKUP(14,'Team and Program Information'!$B$3:$B$202,'Team and Program Information'!$C$3:$C$202,"ERROR",0)} | B16: {=XLOOKUP('Results and Rankings'!$A16,'Team and Program Information'!$C$3:$C$202,'Team and Program Information'!$D$3:$D$202,"",0,)} -> #VALUE! | C16: {=IF('Results and Rankings'!$A16="","",XLOOKUP('Results and Rankings'!$A16,'Robot Game Scores'!$B$2:$B$201,'Robot Game Scores'!$D$2:$D$201,0,0,))} | D16: {=IF('Results and Rankings'!$A16="","",XLOOKUP('Results and Rankings'!$A16,'Robot Game Scores'!$B$2:$B$201,'Robot Game Scores'!$E$2:$E$201,0,0,))} | E16: {=IF('Results and Rankings'!$A16="","",XLOOKUP('Results and Rankings'!$A16,'Robot Game Scores'!$B$2:$B$201,'Robot Game Scores'!$F$2:$F$201,0,0,))} | F16: {=IF('Results and Rankings'!$A16="","",XLOOKUP('Results and Rankings'!$A16,'Robot Game Scores'!$B$2:$B$201,'Robot Game Scores'!$G$2:$G$201,0,0,))} | G16: {=IF('Results and Rankings'!$A16="","",XLOOKUP('Results and Rankings'!$A16,'Robot Game Scores'!$B$2:$B$201,'Robot Game Scores'!$H$2:$H$201,0,0,))} | H16: =IF('Results and Rankings'!$A16="","",IF(ISNA(LARGE('Results and Rankings'!$C16:$G16,1)+0.0001*LARGE('Results and Rankings'!$C16:$G16,2)+0.0000001*LARGE('Results and Rankings'!$C16:$G16,3)+1E-11*LARGE('Results and Rankings'!$C16:$G16,4)+1E-14*LARGE('Results and Rankings'!$C16:$G16,5)),0,LARGE('Results and Rankings'!$C16:$G16,1)+0.0001*LARGE('Results and Rankings'!$C16:$G16,2)+0.0000001*LARGE('Results and Rankings'!$C16:$G16,3)+1E-11*LARGE('Results and Rankings'!$C16:$G16,4)+1E-14*LARGE('Results and Rankings'!$C16:$G16,5))) | I16: =IF('Results and Rankings'!$A16="","",_xlfn.RANK.EQ('Results and Rankings'!$H16,'Results and Rankings'!$H$3:$H$202)) | J16: {=IF('Results and Rankings'!$A16="","",XLOOKUP('Results and Rankings'!$A16,'Core Values Input'!$A$2:$A$201,'Core Values Input'!$V$2:$V$201,NumberOfTeams+1,0,))} | K16: {=IF('Results and Rankings'!$A16="","",XLOOKUP('Results and Rankings'!$A16,'Innovation Project Input'!$A$2:$A$201,'Innovation Project Input'!$N$2:$N$201,NumberOfTeams+1,0,))} | L16: {=IF('Results and Rankings'!$A16="","",XLOOKUP('Results and Rankings'!$A16,'Robot Design Input'!$A$2:$A$201,'Robot Design Input'!$N$2:$N$201,NumberOfTeams+1,0,))} | M16: =IF('Results and Rankings'!$A16="","",IF('Results and Rankings'!$J16="",NumberOfTeams+1,'Results and Rankings'!$J16) + IF('Results and Rankings'!$K16="",NumberOfTeams+1,'Results and Rankings'!$K16) + IF('Results and Rankings'!$L16="",NumberOfTeams+1,'Results and Rankings'!$L16) + 'Results and Rankings'!$I16) | N16: =IF('Results and Rankings'!$A16="","",IF(M16,RANK(M16,M$3:M$202,1)-COUNTIF(M$3:M$202,0),NumberOfTeams+1)) | O16: {=XLOOKUP('Results and Rankings'!$A16,'Core Values Input'!$A$2:$A$201,'Core Values Input'!$W$2:$W$201,0,0,)} -> #VALUE! | P16: {=XLOOKUP('Results and Rankings'!$A16,'Core Values Input'!$A$2:$A$201,'Core Values Input'!$X$2:$X$201,0,0,)} -> #VALUE! | Q16: {=XLOOKUP('Results and Rankings'!$A16,'Core Values Input'!$A$2:$A$201,'Core Values Input'!$Y$2:$Y$201,0,0,)} -> #VALUE! | U16: {=XLOOKUP('Results and Rankings'!$A16,'Core Values Input'!$A$2:$A$201,'Core Values Input'!$U$2:$U$201,0,0,)} -> #VALUE! | V16: {=XLOOKUP('Results and Rankings'!$A16,'Innovation Project Input'!$A$2:$A$201,'Innovation Project Input'!$M$2:$M$201,0,0,)} -> #VALUE! | W16: {=XLOOKUP('Results and Rankings'!$A16,'Robot Design Input'!$A$2:$A$201,'Robot Design Input'!$M$2:$M$201,0,0,)} -> #VALUE! | X16: =IF(ISERR(GEOMEAN('Results and Rankings'!$H16,'Results and Rankings'!$U16,'Results and Rankings'!$V16,'Results and Rankings'!$W16)),0,GEOMEAN('Results and Rankings'!$H16,'Results and Rankings'!$U16,'Results and Rankings'!$V16,'Results and Rankings'!$W16)) -> 0 | Y16: =IF(X16,_xlfn.RANK.EQ(X16,X$3:X$110,0),NumberOfTeams) -> 0
A17: {=XLOOKUP(15,'Team and Program Information'!$B$3:$B$202,'Team and Program Information'!$C$3:$C$202,"ERROR",0)} | B17: {=XLOOKUP('Results and Rankings'!$A17,'Team and Program Information'!$C$3:$C$202,'Team and Program Information'!$D$3:$D$202,"",0,)} -> #VALUE! | C17: {=IF('Results and Rankings'!$A17="","",XLOOKUP('Results and Rankings'!$A17,'Robot Game Scores'!$B$2:$B$201,'Robot Game Scores'!$D$2:$D$201,0,0,))} | D17: {=IF('Results and Rankings'!$A17="","",XLOOKUP('Results and Rankings'!$A17,'Robot Game Scores'!$B$2:$B$201,'Robot Game Scores'!$E$2:$E$201,0,0,))} | E17: {=IF('Results and Rankings'!$A17="","",XLOOKUP('Results and Rankings'!$A17,'Robot Game Scores'!$B$2:$B$201,'Robot Game Scores'!$F$2:$F$201,0,0,))} | F17: {=IF('Results and Rankings'!$A17="","",XLOOKUP('Results and Rankings'!$A17,'Robot Game Scores'!$B$2:$B$201,'Robot Game Scores'!$G$2:$G$201,0,0,))} | G17: {=IF('Results and Rankings'!$A17="","",XLOOKUP('Results and Rankings'!$A17,'Robot Game Scores'!$B$2:$B$201,'Robot Game Scores'!$H$2:$H$201,0,0,))} | H17: =IF('Results and Rankings'!$A17="","",IF(ISNA(LARGE('Results and Rankings'!$C17:$G17,1)+0.0001*LARGE('Results and Rankings'!$C17:$G17,2)+0.0000001*LARGE('Results and Rankings'!$C17:$G17,3)+1E-11*LARGE('Results and Rankings'!$C17:$G17,4)+1E-14*LARGE('Results and Rankings'!$C17:$G17,5)),0,LARGE('Results and Rankings'!$C17:$G17,1)+0.0001*LARGE('Results and Rankings'!$C17:$G17,2)+0.0000001*LARGE('Results and Rankings'!$C17:$G17,3)+1E-11*LARGE('Results and Rankings'!$C17:$G17,4)+1E-14*LARGE('Results and Rankings'!$C17:$G17,5))) | I17: =IF('Results and Rankings'!$A17="","",_xlfn.RANK.EQ('Results and Rankings'!$H17,'Results and Rankings'!$H$3:$H$202)) | J17: {=IF('Results and Rankings'!$A17="","",XLOOKUP('Results and Rankings'!$A17,'Core Values Input'!$A$2:$A$201,'Core Values Input'!$V$2:$V$201,NumberOfTeams+1,0,))} | K17: {=IF('Results and Rankings'!$A17="","",XLOOKUP('Results and Rankings'!$A17,'Innovation Project Input'!$A$2:$A$201,'Innovation Project Input'!$N$2:$N$201,NumberOfTeams+1,0,))} | L17: {=IF('Results and Rankings'!$A17="","",XLOOKUP('Results and Rankings'!$A17,'Robot Design Input'!$A$2:$A$201,'Robot Design Input'!$N$2:$N$201,NumberOfTeams+1,0,))} | M17: =IF('Results and Rankings'!$A17="","",IF('Results and Rankings'!$J17="",NumberOfTeams+1,'Results and Rankings'!$J17) + IF('Results and Rankings'!$K17="",NumberOfTeams+1,'Results and Rankings'!$K17) + IF('Results and Rankings'!$L17="",NumberOfTeams+1,'Results and Rankings'!$L17) + 'Results and Rankings'!$I17) | N17: =IF('Results and Rankings'!$A17="","",IF(M17,RANK(M17,M$3:M$202,1)-COUNTIF(M$3:M$202,0),NumberOfTeams+1)) | O17: {=XLOOKUP('Results and Rankings'!$A17,'Core Values Input'!$A$2:$A$201,'Core Values Input'!$W$2:$W$201,0,0,)} -> #VALUE! | P17: {=XLOOKUP('Results and Rankings'!$A17,'Core Values Input'!$A$2:$A$201,'Core Values Input'!$X$2:$X$201,0,0,)} -> #VALUE! | Q17: {=XLOOKUP('Results and Rankings'!$A17,'Core Values Input'!$A$2:$A$201,'Core Values Input'!$Y$2:$Y$201,0,0,)} -> #VALUE! | U17: {=XLOOKUP('Results and Rankings'!$A17,'Core Values Input'!$A$2:$A$201,'Core Values Input'!$U$2:$U$201,0,0,)} -> #VALUE! | V17: {=XLOOKUP('Results and Rankings'!$A17,'Innovation Project Input'!$A$2:$A$201,'Innovation Project Input'!$M$2:$M$201,0,0,)} -> #VALUE! | W17: {=XLOOKUP('Results and Rankings'!$A17,'Robot Design Input'!$A$2:$A$201,'Robot Design Input'!$M$2:$M$201,0,0,)} -> #VALUE! | X17: =IF(ISERR(GEOMEAN('Results and Rankings'!$H17,'Results and Rankings'!$U17,'Results and Rankings'!$V17,'Results and Rankings'!$W17)),0,GEOMEAN('Results and Rankings'!$H17,'Results and Rankings'!$U17,'Results and Rankings'!$V17,'Results and Rankings'!$W17)) -> 0 | Y17: =IF(X17,_xlfn.RANK.EQ(X17,X$3:X$110,0),NumberOfTeams) -> 0
A18: {=XLOOKUP(16,'Team and Program Information'!$B$3:$B$202,'Team and Program Information'!$C$3:$C$202,"ERROR",0)} | B18: {=XLOOKUP('Results and Rankings'!$A18,'Team and Program Information'!$C$3:$C$202,'Team and Program Information'!$D$3:$D$202,"",0,)} -> #VALUE! | C18: {=IF('Results and Rankings'!$A18="","",XLOOKUP('Results and Rankings'!$A18,'Robot Game Scores'!$B$2:$B$201,'Robot Game Scores'!$D$2:$D$201,0,0,))} | D18: {=IF('Results and Rankings'!$A18="","",XLOOKUP('Results and Rankings'!$A18,'Robot Game Scores'!$B$2:$B$201,'Robot Game Scores'!$E$2:$E$201,0,0,))} | E18: {=IF('Results and Rankings'!$A18="","",XLOOKUP('Results and Rankings'!$A18,'Robot Game Scores'!$B$2:$B$201,'Robot Game Scores'!$F$2:$F$201,0,0,))} | F18: {=IF('Results and Rankings'!$A18="","",XLOOKUP('Results and Rankings'!$A18,'Robot Game Scores'!$B$2:$B$201,'Robot Game Scores'!$G$2:$G$201,0,0,))} | G18: {=IF('Results and Rankings'!$A18="","",XLOOKUP('Results and Rankings'!$A18,'Robot Game Scores'!$B$2:$B$201,'Robot Game Scores'!$H$2:$H$201,0,0,))} | H18: =IF('Results and Rankings'!$A18="","",IF(ISNA(LARGE('Results and Rankings'!$C18:$G18,1)+0.0001*LARGE('Results and Rankings'!$C18:$G18,2)+0.0000001*LARGE('Results and Rankings'!$C18:$G18,3)+1E-11*LARGE('Results and Rankings'!$C18:$G18,4)+1E-14*LARGE('Results and Rankings'!$C18:$G18,5)),0,LARGE('Results and Rankings'!$C18:$G18,1)+0.0001*LARGE('Results and Rankings'!$C18:$G18,2)+0.0000001*LARGE('Results and Rankings'!$C18:$G18,3)+1E-11*LARGE('Results and Rankings'!$C18:$G18,4)+1E-14*LARGE('Results and Rankings'!$C18:$G18,5))) | I18: =IF('Results and Rankings'!$A18="","",_xlfn.RANK.EQ('Results and Rankings'!$H18,'Results and Rankings'!$H$3:$H$202)) | J18: {=IF('Results and Rankings'!$A18="","",XLOOKUP('Results and Rankings'!$A18,'Core Values Input'!$A$2:$A$201,'Core Values Input'!$V$2:$V$201,NumberOfTeams+1,0,))} | K18: {=IF('Results and Rankings'!$A18="","",XLOOKUP('Results and Rankings'!$A18,'Innovation Project Input'!$A$2:$A$201,'Innovation Project Input'!$N$2:$N$201,NumberOfTeams+1,0,))} | L18: {=IF('Results and Rankings'!$A18="","",XLOOKUP('Results and Rankings'!$A18,'Robot Design Input'!$A$2:$A$201,'Robot Design Input'!$N$2:$N$201,NumberOfTeams+1,0,))} | M18: =IF('Results and Rankings'!$A18="","",IF('Results and Rankings'!$J18="",NumberOfTeams+1,'Results and Rankings'!$J18) + IF('Results and Rankings'!$K18="",NumberOfTeams+1,'Results and Rankings'!$K18) + IF('Results and Rankings'!$L18="",NumberOfTeams+1,'Results and Rankings'!$L18) + 'Results and Rankings'!$I18) | N18: =IF('Results and Rankings'!$A18="","",IF(M18,RANK(M18,M$3:M$202,1)-COUNTIF(M$3:M$202,0),NumberOfTeams+1)) | O18: {=XLOOKUP('Results and Rankings'!$A18,'Core Values Input'!$A$2:$A$201,'Core Values Input'!$W$2:$W$201,0,0,)} -> #VALUE! | P18: {=XLOOKUP('Results and Rankings'!$A18,'Core Values Input'!$A$2:$A$201,'Core Values Input'!$X$2:$X$201,0,0,)} -> #VALUE! | Q18: {=XLOOKUP('Results and Rankings'!$A18,'Core Values Input'!$A$2:$A$201,'Core Values Input'!$Y$2:$Y$201,0,0,)} -> #VALUE! | U18: {=XLOOKUP('Results and Rankings'!$A18,'Core Values Input'!$A$2:$A$201,'Core Values Input'!$U$2:$U$201,0,0,)} -> #VALUE! | V18: {=XLOOKUP('Results and Rankings'!$A18,'Innovation Project Input'!$A$2:$A$201,'Innovation Project Input'!$M$2:$M$201,0,0,)} -> #VALUE! | W18: {=XLOOKUP('Results and Rankings'!$A18,'Robot Design Input'!$A$2:$A$201,'Robot Design Input'!$M$2:$M$201,0,0,)} -> #VALUE! | X18: =IF(ISERR(GEOMEAN('Results and Rankings'!$H18,'Results and Rankings'!$U18,'Results and Rankings'!$V18,'Results and Rankings'!$W18)),0,GEOMEAN('Results and Rankings'!$H18,'Results and Rankings'!$U18,'Results and Rankings'!$V18,'Results and Rankings'!$W18)) -> 0 | Y18: =IF(X18,_xlfn.RANK.EQ(X18,X$3:X$110,0),NumberOfTeams) -> 0
A19: {=XLOOKUP(17,'Team and Program Information'!$B$3:$B$202,'Team and Program Information'!$C$3:$C$202,"ERROR",0)} | B19: {=XLOOKUP('Results and Rankings'!$A19,'Team and Program Information'!$C$3:$C$202,'Team and Program Information'!$D$3:$D$202,"",0,)} -> #VALUE! | C19: {=IF('Results and Rankings'!$A19="","",XLOOKUP('Results and Rankings'!$A19,'Robot Game Scores'!$B$2:$B$201,'Robot Game Scores'!$D$2:$D$201,0,0,))} | D19: {=IF('Results and Rankings'!$A19="","",XLOOKUP('Results and Rankings'!$A19,'Robot Game Scores'!$B$2:$B$201,'Robot Game Scores'!$E$2:$E$201,0,0,))} | E19: {=IF('Results and Rankings'!$A19="","",XLOOKUP('Results and Rankings'!$A19,'Robot Game Scores'!$B$2:$B$201,'Robot Game Scores'!$F$2:$F$201,0,0,))} | F19: {=IF('Results and Rankings'!$A19="","",XLOOKUP('Results and Rankings'!$A19,'Robot Game Scores'!$B$2:$B$201,'Robot Game Scores'!$G$2:$G$201,0,0,))} | G19: {=IF('Results and Rankings'!$A19="","",XLOOKUP('Results and Rankings'!$A19,'Robot Game Scores'!$B$2:$B$201,'Robot Game Scores'!$H$2:$H$201,0,0,))} | H19: =IF('Results and Rankings'!$A19="","",IF(ISNA(LARGE('Results and Rankings'!$C19:$G19,1)+0.0001*LARGE('Results and Rankings'!$C19:$G19,2)+0.0000001*LARGE('Results and Rankings'!$C19:$G19,3)+1E-11*LARGE('Results and Rankings'!$C19:$G19,4)+1E-14*LARGE('Results and Rankings'!$C19:$G19,5)),0,LARGE('Results and Rankings'!$C19:$G19,1)+0.0001*LARGE('Results and Rankings'!$C19:$G19,2)+0.0000001*LARGE('Results and Rankings'!$C19:$G19,3)+1E-11*LARGE('Results and Rankings'!$C19:$G19,4)+1E-14*LARGE('Results and Rankings'!$C19:$G19,5))) | I19: =IF('Results and Rankings'!$A19="","",_xlfn.RANK.EQ('Results and Rankings'!$H19,'Results and Rankings'!$H$3:$H$202)) | J19: {=IF('Results and Rankings'!$A19="","",XLOOKUP('Results and Rankings'!$A19,'Core Values Input'!$A$2:$A$201,'Core Values Input'!$V$2:$V$201,NumberOfTeams+1,0,))} | K19: {=IF('Results and Rankings'!$A19="","",XLOOKUP('Results and Rankings'!$A19,'Innovation Project Input'!$A$2:$A$201,'Innovation Project Input'!$N$2:$N$201,NumberOfTeams+1,0,))} | L19: {=IF('Results and Rankings'!$A19="","",XLOOKUP('Results and Rankings'!$A19,'Robot Design Input'!$A$2:$A$201,'Robot Design Input'!$N$2:$N$201,NumberOfTeams+1,0,))} | M19: =IF('Results and Rankings'!$A19="","",IF('Results and Rankings'!$J19="",NumberOfTeams+1,'Results and Rankings'!$J19) + IF('Results and Rankings'!$K19="",NumberOfTeams+1,'Results and Rankings'!$K19) + IF('Results and Rankings'!$L19="",NumberOfTeams+1,'Results and Rankings'!$L19) + 'Results and Rankings'!$I19) | N19: =IF('Results and Rankings'!$A19="","",IF(M19,RANK(M19,M$3:M$202,1)-COUNTIF(M$3:M$202,0),NumberOfTeams+1)) | O19: {=XLOOKUP('Results and Rankings'!$A19,'Core Values Input'!$A$2:$A$201,'Core Values Input'!$W$2:$W$201,0,0,)} -> #VALUE! | P19: {=XLOOKUP('Results and Rankings'!$A19,'Core Values Input'!$A$2:$A$201,'Core Values Input'!$X$2:$X$201,0,0,)} -> #VALUE! | Q19: {=XLOOKUP('Results and Rankings'!$A19,'Core Values Input'!$A$2:$A$201,'Core Values Input'!$Y$2:$Y$201,0,0,)} -> #VALUE! | U19: {=XLOOKUP('Results and Rankings'!$A19,'Core Values Input'!$A$2:$A$201,'Core Values Input'!$U$2:$U$201,0,0,)} -> #VALUE! | V19: {=XLOOKUP('Results and Rankings'!$A19,'Innovation Project Input'!$A$2:$A$201,'Innovation Project Input'!$M$2:$M$201,0,0,)} -> #VALUE! | W19: {=XLOOKUP('Results and Rankings'!$A19,'Robot Design Input'!$A$2:$A$201,'Robot Design Input'!$M$2:$M$201,0,0,)} -> #VALUE! | X19: =IF(ISERR(GEOMEAN('Results and Rankings'!$H19,'Results and Rankings'!$U19,'Results and Rankings'!$V19,'Results and Rankings'!$W19)),0,GEOMEAN('Results and Rankings'!$H19,'Results and Rankings'!$U19,'Results and Rankings'!$V19,'Results and Rankings'!$W19)) -> 0 | Y19: =IF(X19,_xlfn.RANK.EQ(X19,X$3:X$110,0),NumberOfTeams) -> 0
A20: {=XLOOKUP(18,'Team and Program Information'!$B$3:$B$202,'Team and Program Information'!$C$3:$C$202,"ERROR",0)} | B20: {=XLOOKUP('Results and Rankings'!$A20,'Team and Program Information'!$C$3:$C$202,'Team and Program Information'!$D$3:$D$202,"",0,)} -> #VALUE! | C20: {=IF('Results and Rankings'!$A20="","",XLOOKUP('Results and Rankings'!$A20,'Robot Game Scores'!$B$2:$B$201,'Robot Game Scores'!$D$2:$D$201,0,0,))} | D20: {=IF('Results and Rankings'!$A20="","",XLOOKUP('Results and Rankings'!$A20,'Robot Game Scores'!$B$2:$B$201,'Robot Game Scores'!$E$2:$E$201,0,0,))} | E20: {=IF('Results and Rankings'!$A20="","",XLOOKUP('Results and Rankings'!$A20,'Robot Game Scores'!$B$2:$B$201,'Robot Game Scores'!$F$2:$F$201,0,0,))} | F20: {=IF('Results and Rankings'!$A20="","",XLOOKUP('Results and Rankings'!$A20,'Robot Game Scores'!$B$2:$B$201,'Robot Game Scores'!$G$2:$G$201,0,0,))} | G20: {=IF('Results and Rankings'!$A20="","",XLOOKUP('Results and Rankings'!$A20,'Robot Game Scores'!$B$2:$B$201,'Robot Game Scores'!$H$2:$H$201,0,0,))} | H20: =IF('Results and Rankings'!$A20="","",IF(ISNA(LARGE('Results and Rankings'!$C20:$G20,1)+0.0001*LARGE('Results and Rankings'!$C20:$G20,2)+0.0000001*LARGE('Results and Rankings'!$C20:$G20,3)+1E-11*LARGE('Results and Rankings'!$C20:$G20,4)+1E-14*LARGE('Results and Rankings'!$C20:$G20,5)),0,LARGE('Results and Rankings'!$C20:$G20,1)+0.0001*LARGE('Results and Rankings'!$C20:$G20,2)+0.0000001*LARGE('Results and Rankings'!$C20:$G20,3)+1E-11*LARGE('Results and Rankings'!$C20:$G20,4)+1E-14*LARGE('Results and Rankings'!$C20:$G20,5))) | I20: =IF('Results and Rankings'!$A20="","",_xlfn.RANK.EQ('Results and Rankings'!$H20,'Results and Rankings'!$H$3:$H$202)) | J20: {=IF('Results and Rankings'!$A20="","",XLOOKUP('Results and Rankings'!$A20,'Core Values Input'!$A$2:$A$201,'Core Values Input'!$V$2:$V$201,NumberOfTeams+1,0,))} | K20: {=IF('Results and Rankings'!$A20="","",XLOOKUP('Results and Rankings'!$A20,'Innovation Project Input'!$A$2:$A$201,'Innovation Project Input'!$N$2:$N$201,NumberOfTeams+1,0,))} | L20: {=IF('Results and Rankings'!$A20="","",XLOOKUP('Results and Rankings'!$A20,'Robot Design Input'!$A$2:$A$201,'Robot Design Input'!$N$2:$N$201,NumberOfTeams+1,0,))} | M20: =IF('Results and Rankings'!$A20="","",IF('Results and Rankings'!$J20="",NumberOfTeams+1,'Results and Rankings'!$J20) + IF('Results and Rankings'!$K20="",NumberOfTeams+1,'Results and Rankings'!$K20) + IF('Results and Rankings'!$L20="",NumberOfTeams+1,'Results and Rankings'!$L20) + 'Results and Rankings'!$I20) | N20: =IF('Results and Rankings'!$A20="","",IF(M20,RANK(M20,M$3:M$202,1)-COUNTIF(M$3:M$202,0),NumberOfTeams+1)) | O20: {=XLOOKUP('Results and Rankings'!$A20,'Core Values Input'!$A$2:$A$201,'Core Values Input'!$W$2:$W$201,0,0,)} -> #VALUE! | P20: {=XLOOKUP('Results and Rankings'!$A20,'Core Values Input'!$A$2:$A$201,'Core Values Input'!$X$2:$X$201,0,0,)} -> #VALUE! | Q20: {=XLOOKUP('Results and Rankings'!$A20,'Core Values Input'!$A$2:$A$201,'Core Values Input'!$Y$2:$Y$201,0,0,)} -> #VALUE! | U20: {=XLOOKUP('Results and Rankings'!$A20,'Core Values Input'!$A$2:$A$201,'Core Values Input'!$U$2:$U$201,0,0,)} -> #VALUE! | V20: {=XLOOKUP('Results and Rankings'!$A20,'Innovation Project Input'!$A$2:$A$201,'Innovation Project Input'!$M$2:$M$201,0,0,)} -> #VALUE! | W20: {=XLOOKUP('Results and Rankings'!$A20,'Robot Design Input'!$A$2:$A$201,'Robot Design Input'!$M$2:$M$201,0,0,)} -> #VALUE! | X20: =IF(ISERR(GEOMEAN('Results and Rankings'!$H20,'Results and Rankings'!$U20,'Results and Rankings'!$V20,'Results and Rankings'!$W20)),0,GEOMEAN('Results and Rankings'!$H20,'Results and Rankings'!$U20,'Results and Rankings'!$V20,'Results and Rankings'!$W20)) -> 0 | Y20: =IF(X20,_xlfn.RANK.EQ(X20,X$3:X$110,0),NumberOfTeams) -> 0
A21: {=XLOOKUP(19,'Team and Program Information'!$B$3:$B$202,'Team and Program Information'!$C$3:$C$202,"ERROR",0)} | B21: {=XLOOKUP('Results and Rankings'!$A21,'Team and Program Information'!$C$3:$C$202,'Team and Program Information'!$D$3:$D$202,"",0,)} -> #VALUE! | C21: {=IF('Results and Rankings'!$A21="","",XLOOKUP('Results and Rankings'!$A21,'Robot Game Scores'!$B$2:$B$201,'Robot Game Scores'!$D$2:$D$201,0,0,))} | D21: {=IF('Results and Rankings'!$A21="","",XLOOKUP('Results and Rankings'!$A21,'Robot Game Scores'!$B$2:$B$201,'Robot Game Scores'!$E$2:$E$201,0,0,))} | E21: {=IF('Results and Rankings'!$A21="","",XLOOKUP('Results and Rankings'!$A21,'Robot Game Scores'!$B$2:$B$201,'Robot Game Scores'!$F$2:$F$201,0,0,))} | F21: {=IF('Results and Rankings'!$A21="","",XLOOKUP('Results and Rankings'!$A21,'Robot Game Scores'!$B$2:$B$201,'Robot Game Scores'!$G$2:$G$201,0,0,))} | G21: {=IF('Results and Rankings'!$A21="","",XLOOKUP('Results and Rankings'!$A21,'Robot Game Scores'!$B$2:$B$201,'Robot Game Scores'!$H$2:$H$201,0,0,))} | H21: =IF('Results and Rankings'!$A21="","",IF(ISNA(LARGE('Results and Rankings'!$C21:$G21,1)+0.0001*LARGE('Results and Rankings'!$C21:$G21,2)+0.0000001*LARGE('Results and Rankings'!$C21:$G21,3)+1E-11*LARGE('Results and Rankings'!$C21:$G21,4)+1E-14*LARGE('Results and Rankings'!$C21:$G21,5)),0,LARGE('Results and Rankings'!$C21:$G21,1)+0.0001*LARGE('Results and Rankings'!$C21:$G21,2)+0.0000001*LARGE('Results and Rankings'!$C21:$G21,3)+1E-11*LARGE('Results and Rankings'!$C21:$G21,4)+1E-14*LARGE('Results and Rankings'!$C21:$G21,5))) | I21: =IF('Results and Rankings'!$A21="","",_xlfn.RANK.EQ('Results and Rankings'!$H21,'Results and Rankings'!$H$3:$H$202)) | J21: {=IF('Results and Rankings'!$A21="","",XLOOKUP('Results and Rankings'!$A21,'Core Values Input'!$A$2:$A$201,'Core Values Input'!$V$2:$V$201,NumberOfTeams+1,0,))} | K21: {=IF('Results and Rankings'!$A21="","",XLOOKUP('Results and Rankings'!$A21,'Innovation Project Input'!$A$2:$A$201,'Innovation Project Input'!$N$2:$N$201,NumberOfTeams+1,0,))} | L21: {=IF('Results and Rankings'!$A21="","",XLOOKUP('Results and Rankings'!$A21,'Robot Design Input'!$A$2:$A$201,'Robot Design Input'!$N$2:$N$201,NumberOfTeams+1,0,))} | M21: =IF('Results and Rankings'!$A21="","",IF('Results and Rankings'!$J21="",NumberOfTeams+1,'Results and Rankings'!$J21) + IF('Results and Rankings'!$K21="",NumberOfTeams+1,'Results and Rankings'!$K21) + IF('Results and Rankings'!$L21="",NumberOfTeams+1,'Results and Rankings'!$L21) + 'Results and Rankings'!$I21) | N21: =IF('Results and Rankings'!$A21="","",IF(M21,RANK(M21,M$3:M$202,1)-COUNTIF(M$3:M$202,0),NumberOfTeams+1)) | O21: {=XLOOKUP('Results and Rankings'!$A21,'Core Values Input'!$A$2:$A$201,'Core Values Input'!$W$2:$W$201,0,0,)} -> #VALUE! | P21: {=XLOOKUP('Results and Rankings'!$A21,'Core Values Input'!$A$2:$A$201,'Core Values Input'!$X$2:$X$201,0,0,)} -> #VALUE! | Q21: {=XLOOKUP('Results and Rankings'!$A21,'Core Values Input'!$A$2:$A$201,'Core Values Input'!$Y$2:$Y$201,0,0,)} -> #VALUE! | U21: {=XLOOKUP('Results and Rankings'!$A21,'Core Values Input'!$A$2:$A$201,'Core Values Input'!$U$2:$U$201,0,0,)} -> #VALUE! | V21: {=XLOOKUP('Results and Rankings'!$A21,'Innovation Project Input'!$A$2:$A$201,'Innovation Project Input'!$M$2:$M$201,0,0,)} -> #VALUE! | W21: {=XLOOKUP('Results and Rankings'!$A21,'Robot Design Input'!$A$2:$A$201,'Robot Design Input'!$M$2:$M$201,0,0,)} -> #VALUE! | X21: =IF(ISERR(GEOMEAN('Results and Rankings'!$H21,'Results and Rankings'!$U21,'Results and Rankings'!$V21,'Results and Rankings'!$W21)),0,GEOMEAN('Results and Rankings'!$H21,'Results and Rankings'!$U21,'Results and Rankings'!$V21,'Results and Rankings'!$W21)) -> 0 | Y21: =IF(X21,_xlfn.RANK.EQ(X21,X$3:X$110,0),NumberOfTeams) -> 0
A22: {=XLOOKUP(20,'Team and Program Information'!$B$3:$B$202,'Team and Program Information'!$C$3:$C$202,"ERROR",0)} | B22: {=XLOOKUP('Results and Rankings'!$A22,'Team and Program Information'!$C$3:$C$202,'Team and Program Information'!$D$3:$D$202,"",0,)} -> #VALUE! | C22: {=IF('Results and Rankings'!$A22="","",XLOOKUP('Results and Rankings'!$A22,'Robot Game Scores'!$B$2:$B$201,'Robot Game Scores'!$D$2:$D$201,0,0,))} | D22: {=IF('Results and Rankings'!$A22="","",XLOOKUP('Results and Rankings'!$A22,'Robot Game Scores'!$B$2:$B$201,'Robot Game Scores'!$E$2:$E$201,0,0,))} | E22: {=IF('Results and Rankings'!$A22="","",XLOOKUP('Results and Rankings'!$A22,'Robot Game Scores'!$B$2:$B$201,'Robot Game Scores'!$F$2:$F$201,0,0,))} | F22: {=IF('Results and Rankings'!$A22="","",XLOOKUP('Results and Rankings'!$A22,'Robot Game Scores'!$B$2:$B$201,'Robot Game Scores'!$G$2:$G$201,0,0,))} | G22: {=IF('Results and Rankings'!$A22="","",XLOOKUP('Results and Rankings'!$A22,'Robot Game Scores'!$B$2:$B$201,'Robot Game Scores'!$H$2:$H$201,0,0,))} | H22: =IF('Results and Rankings'!$A22="","",IF(ISNA(LARGE('Results and Rankings'!$C22:$G22,1)+0.0001*LARGE('Results and Rankings'!$C22:$G22,2)+0.0000001*LARGE('Results and Rankings'!$C22:$G22,3)+1E-11*LARGE('Results and Rankings'!$C22:$G22,4)+1E-14*LARGE('Results and Rankings'!$C22:$G22,5)),0,LARGE('Results and Rankings'!$C22:$G22,1)+0.0001*LARGE('Results and Rankings'!$C22:$G22,2)+0.0000001*LARGE('Results and Rankings'!$C22:$G22,3)+1E-11*LARGE('Results and Rankings'!$C22:$G22,4)+1E-14*LARGE('Results and Rankings'!$C22:$G22,5))) | I22: =IF('Results and Rankings'!$A22="","",_xlfn.RANK.EQ('Results and Rankings'!$H22,'Results and Rankings'!$H$3:$H$202)) | J22: {=IF('Results and Rankings'!$A22="","",XLOOKUP('Results and Rankings'!$A22,'Core Values Input'!$A$2:$A$201,'Core Values Input'!$V$2:$V$201,NumberOfTeams+1,0,))} | K22: {=IF('Results and Rankings'!$A22="","",XLOOKUP('Results and Rankings'!$A22,'Innovation Project Input'!$A$2:$A$201,'Innovation Project Input'!$N$2:$N$201,NumberOfTeams+1,0,))} | L22: {=IF('Results and Rankings'!$A22="","",XLOOKUP('Results and Rankings'!$A22,'Robot Design Input'!$A$2:$A$201,'Robot Design Input'!$N$2:$N$201,NumberOfTeams+1,0,))} | M22: =IF('Results and Rankings'!$A22="","",IF('Results and Rankings'!$J22="",NumberOfTeams+1,'Results and Rankings'!$J22) + IF('Results and Rankings'!$K22="",NumberOfTeams+1,'Results and Rankings'!$K22) + IF('Results and Rankings'!$L22="",NumberOfTeams+1,'Results and Rankings'!$L22) + 'Results and Rankings'!$I22) | N22: =IF('Results and Rankings'!$A22="","",IF(M22,RANK(M22,M$3:M$202,1)-COUNTIF(M$3:M$202,0),NumberOfTeams+1)) | O22: {=XLOOKUP('Results and Rankings'!$A22,'Core Values Input'!$A$2:$A$201,'Core Values Input'!$W$2:$W$201,0,0,)} -> #VALUE! | P22: {=XLOOKUP('Results and Rankings'!$A22,'Core Values Input'!$A$2:$A$201,'Core Values Input'!$X$2:$X$201,0,0,)} -> #VALUE! | Q22: {=XLOOKUP('Results and Rankings'!$A22,'Core Values Input'!$A$2:$A$201,'Core Values Input'!$Y$2:$Y$201,0,0,)} -> #VALUE! | U22: {=XLOOKUP('Results and Rankings'!$A22,'Core Values Input'!$A$2:$A$201,'Core Values Input'!$U$2:$U$201,0,0,)} -> #VALUE! | V22: {=XLOOKUP('Results and Rankings'!$A22,'Innovation Project Input'!$A$2:$A$201,'Innovation Project Input'!$M$2:$M$201,0,0,)} -> #VALUE! | W22: {=XLOOKUP('Results and Rankings'!$A22,'Robot Design Input'!$A$2:$A$201,'Robot Design Input'!$M$2:$M$201,0,0,)} -> #VALUE! | X22: =IF(ISERR(GEOMEAN('Results and Rankings'!$H22,'Results and Rankings'!$U22,'Results and Rankings'!$V22,'Results and Rankings'!$W22)),0,GEOMEAN('Results and Rankings'!$H22,'Results and Rankings'!$U22,'Results and Rankings'!$V22,'Results and Rankings'!$W22)) -> 0 | Y22: =IF(X22,_xlfn.RANK.EQ(X22,X$3:X$110,0),NumberOfTeams) -> 0
A23: {=XLOOKUP(21,'Team and Program Information'!$B$3:$B$202,'Team and Program Information'!$C$3:$C$202,"ERROR",0)} | B23: {=XLOOKUP('Results and Rankings'!$A23,'Team and Program Information'!$C$3:$C$202,'Team and Program Information'!$D$3:$D$202,"",0,)} -> #VALUE! | C23: {=IF('Results and Rankings'!$A23="","",XLOOKUP('Results and Rankings'!$A23,'Robot Game Scores'!$B$2:$B$201,'Robot Game Scores'!$D$2:$D$201,0,0,))} | D23: {=IF('Results and Rankings'!$A23="","",XLOOKUP('Results and Rankings'!$A23,'Robot Game Scores'!$B$2:$B$201,'Robot Game Scores'!$E$2:$E$201,0,0,))} | E23: {=IF('Results and Rankings'!$A23="","",XLOOKUP('Results and Rankings'!$A23,'Robot Game Scores'!$B$2:$B$201,'Robot Game Scores'!$F$2:$F$201,0,0,))} | F23: {=IF('Results and Rankings'!$A23="","",XLOOKUP('Results and Rankings'!$A23,'Robot Game Scores'!$B$2:$B$201,'Robot Game Scores'!$G$2:$G$201,0,0,))} | G23: {=IF('Results and Rankings'!$A23="","",XLOOKUP('Results and Rankings'!$A23,'Robot Game Scores'!$B$2:$B$201,'Robot Game Scores'!$H$2:$H$201,0,0,))} | H23: =IF('Results and Rankings'!$A23="","",IF(ISNA(LARGE('Results and Rankings'!$C23:$G23,1)+0.0001*LARGE('Results and Rankings'!$C23:$G23,2)+0.0000001*LARGE('Results and Rankings'!$C23:$G23,3)+1E-11*LARGE('Results and Rankings'!$C23:$G23,4)+1E-14*LARGE('Results and Rankings'!$C23:$G23,5)),0,LARGE('Results and Rankings'!$C23:$G23,1)+0.0001*LARGE('Results and Rankings'!$C23:$G23,2)+0.0000001*LARGE('Results and Rankings'!$C23:$G23,3)+1E-11*LARGE('Results and Rankings'!$C23:$G23,4)+1E-14*LARGE('Results and Rankings'!$C23:$G23,5))) | I23: =IF('Results and Rankings'!$A23="","",_xlfn.RANK.EQ('Results and Rankings'!$H23,'Results and Rankings'!$H$3:$H$202)) | J23: {=IF('Results and Rankings'!$A23="","",XLOOKUP('Results and Rankings'!$A23,'Core Values Input'!$A$2:$A$201,'Core Values Input'!$V$2:$V$201,NumberOfTeams+1,0,))} | K23: {=IF('Results and Rankings'!$A23="","",XLOOKUP('Results and Rankings'!$A23,'Innovation Project Input'!$A$2:$A$201,'Innovation Project Input'!$N$2:$N$201,NumberOfTeams+1,0,))} | L23: {=IF('Results and Rankings'!$A23="","",XLOOKUP('Results and Rankings'!$A23,'Robot Design Input'!$A$2:$A$201,'Robot Design Input'!$N$2:$N$201,NumberOfTeams+1,0,))} | M23: =IF('Results and Rankings'!$A23="","",IF('Results and Rankings'!$J23="",NumberOfTeams+1,'Results and Rankings'!$J23) + IF('Results and Rankings'!$K23="",NumberOfTeams+1,'Results and Rankings'!$K23) + IF('Results and Rankings'!$L23="",NumberOfTeams+1,'Results and Rankings'!$L23) + 'Results and Rankings'!$I23) | N23: =IF('Results and Rankings'!$A23="","",IF(M23,RANK(M23,M$3:M$202,1)-COUNTIF(M$3:M$202,0),NumberOfTeams+1)) | O23: {=XLOOKUP('Results and Rankings'!$A23,'Core Values Input'!$A$2:$A$201,'Core Values Input'!$W$2:$W$201,0,0,)} -> #VALUE! | P23: {=XLOOKUP('Results and Rankings'!$A23,'Core Values Input'!$A$2:$A$201,'Core Values Input'!$X$2:$X$201,0,0,)} -> #VALUE! | Q23: {=XLOOKUP('Results and Rankings'!$A23,'Core Values Input'!$A$2:$A$201,'Core Values Input'!$Y$2:$Y$201,0,0,)} -> #VALUE! | U23: {=XLOOKUP('Results and Rankings'!$A23,'Core Values Input'!$A$2:$A$201,'Core Values Input'!$U$2:$U$201,0,0,)} -> #VALUE! | V23: {=XLOOKUP('Results and Rankings'!$A23,'Innovation Project Input'!$A$2:$A$201,'Innovation Project Input'!$M$2:$M$201,0,0,)} -> #VALUE! | W23: {=XLOOKUP('Results and Rankings'!$A23,'Robot Design Input'!$A$2:$A$201,'Robot Design Input'!$M$2:$M$201,0,0,)} -> #VALUE! | X23: =IF(ISERR(GEOMEAN('Results and Rankings'!$H23,'Results and Rankings'!$U23,'Results and Rankings'!$V23,'Results and Rankings'!$W23)),0,GEOMEAN('Results and Rankings'!$H23,'Results and Rankings'!$U23,'Results and Rankings'!$V23,'Results and Rankings'!$W23)) -> 0 | Y23: =IF(X23,_xlfn.RANK.EQ(X23,X$3:X$110,0),NumberOfTeams) -> 0
A24: {=XLOOKUP(22,'Team and Program Information'!$B$3:$B$202,'Team and Program Information'!$C$3:$C$202,"ERROR",0)} | B24: {=XLOOKUP('Results and Rankings'!$A24,'Team and Program Information'!$C$3:$C$202,'Team and Program Information'!$D$3:$D$202,"",0,)} -> #VALUE! | C24: {=IF('Results and Rankings'!$A24="","",XLOOKUP('Results and Rankings'!$A24,'Robot Game Scores'!$B$2:$B$201,'Robot Game Scores'!$D$2:$D$201,0,0,))} | D24: {=IF('Results and Rankings'!$A24="","",XLOOKUP('Results and Rankings'!$A24,'Robot Game Scores'!$B$2:$B$201,'Robot Game Scores'!$E$2:$E$201,0,0,))} | E24: {=IF('Results and Rankings'!$A24="","",XLOOKUP('Results and Rankings'!$A24,'Robot Game Scores'!$B$2:$B$201,'Robot Game Scores'!$F$2:$F$201,0,0,))} | F24: {=IF('Results and Rankings'!$A24="","",XLOOKUP('Results and Rankings'!$A24,'Robot Game Scores'!$B$2:$B$201,'Robot Game Scores'!$G$2:$G$201,0,0,))} | G24: {=IF('Results and Rankings'!$A24="","",XLOOKUP('Results and Rankings'!$A24,'Robot Game Scores'!$B$2:$B$201,'Robot Game Scores'!$H$2:$H$201,0,0,))} | H24: =IF('Results and Rankings'!$A24="","",IF(ISNA(LARGE('Results and Rankings'!$C24:$G24,1)+0.0001*LARGE('Results and Rankings'!$C24:$G24,2)+0.0000001*LARGE('Results and Rankings'!$C24:$G24,3)+1E-11*LARGE('Results and Rankings'!$C24:$G24,4)+1E-14*LARGE('Results and Rankings'!$C24:$G24,5)),0,LARGE('Results and Rankings'!$C24:$G24,1)+0.0001*LARGE('Results and Rankings'!$C24:$G24,2)+0.0000001*LARGE('Results and Rankings'!$C24:$G24,3)+1E-11*LARGE('Results and Rankings'!$C24:$G24,4)+1E-14*LARGE('Results and Rankings'!$C24:$G24,5))) | I24: =IF('Results and Rankings'!$A24="","",_xlfn.RANK.EQ('Results and Rankings'!$H24,'Results and Rankings'!$H$3:$H$202)) | J24: {=IF('Results and Rankings'!$A24="","",XLOOKUP('Results and Rankings'!$A24,'Core Values Input'!$A$2:$A$201,'Core Values Input'!$V$2:$V$201,NumberOfTeams+1,0,))} | K24: {=IF('Results and Rankings'!$A24="","",XLOOKUP('Results and Rankings'!$A24,'Innovation Project Input'!$A$2:$A$201,'Innovation Project Input'!$N$2:$N$201,NumberOfTeams+1,0,))} | L24: {=IF('Results and Rankings'!$A24="","",XLOOKUP('Results and Rankings'!$A24,'Robot Design Input'!$A$2:$A$201,'Robot Design Input'!$N$2:$N$201,NumberOfTeams+1,0,))} | M24: =IF('Results and Rankings'!$A24="","",IF('Results and Rankings'!$J24="",NumberOfTeams+1,'Results and Rankings'!$J24) + IF('Results and Rankings'!$K24="",NumberOfTeams+1,'Results and Rankings'!$K24) + IF('Results and Rankings'!$L24="",NumberOfTeams+1,'Results and Rankings'!$L24) + 'Results and Rankings'!$I24) | N24: =IF('Results and Rankings'!$A24="","",IF(M24,RANK(M24,M$3:M$202,1)-COUNTIF(M$3:M$202,0),NumberOfTeams+1)) | O24: {=XLOOKUP('Results and Rankings'!$A24,'Core Values Input'!$A$2:$A$201,'Core Values Input'!$W$2:$W$201,0,0,)} -> #VALUE! | P24: {=XLOOKUP('Results and Rankings'!$A24,'Core Values Input'!$A$2:$A$201,'Core Values Input'!$X$2:$X$201,0,0,)} -> #VALUE! | Q24: {=XLOOKUP('Results and Rankings'!$A24,'Core Values Input'!$A$2:$A$201,'Core Values Input'!$Y$2:$Y$201,0,0,)} -> #VALUE! | U24: {=XLOOKUP('Results and Rankings'!$A24,'Core Values Input'!$A$2:$A$201,'Core Values Input'!$U$2:$U$201,0,0,)} -> #VALUE! | V24: {=XLOOKUP('Results and Rankings'!$A24,'Innovation Project Input'!$A$2:$A$201,'Innovation Project Input'!$M$2:$M$201,0,0,)} -> #VALUE! | W24: {=XLOOKUP('Results and Rankings'!$A24,'Robot Design Input'!$A$2:$A$201,'Robot Design Input'!$M$2:$M$201,0,0,)} -> #VALUE! | X24: =IF(ISERR(GEOMEAN('Results and Rankings'!$H24,'Results and Rankings'!$U24,'Results and Rankings'!$V24,'Results and Rankings'!$W24)),0,GEOMEAN('Results and Rankings'!$H24,'Results and Rankings'!$U24,'Results and Rankings'!$V24,'Results and Rankings'!$W24)) -> 0 | Y24: =IF(X24,_xlfn.RANK.EQ(X24,X$3:X$110,0),NumberOfTeams) -> 0
A25: {=XLOOKUP(23,'Team and Program Information'!$B$3:$B$202,'Team and Program Information'!$C$3:$C$202,"ERROR",0)} | B25: {=XLOOKUP('Results and Rankings'!$A25,'Team and Program Information'!$C$3:$C$202,'Team and Program Information'!$D$3:$D$202,"",0,)} -> #VALUE! | C25: {=IF('Results and Rankings'!$A25="","",XLOOKUP('Results and Rankings'!$A25,'Robot Game Scores'!$B$2:$B$201,'Robot Game Scores'!$D$2:$D$201,0,0,))} | D25: {=IF('Results and Rankings'!$A25="","",XLOOKUP('Results and Rankings'!$A25,'Robot Game Scores'!$B$2:$B$201,'Robot Game Scores'!$E$2:$E$201,0,0,))} | E25: {=IF('Results and Rankings'!$A25="","",XLOOKUP('Results and Rankings'!$A25,'Robot Game Scores'!$B$2:$B$201,'Robot Game Scores'!$F$2:$F$201,0,0,))} | F25: {=IF('Results and Rankings'!$A25="","",XLOOKUP('Results and Rankings'!$A25,'Robot Game Scores'!$B$2:$B$201,'Robot Game Scores'!$G$2:$G$201,0,0,))} | G25: {=IF('Results and Rankings'!$A25="","",XLOOKUP('Results and Rankings'!$A25,'Robot Game Scores'!$B$2:$B$201,'Robot Game Scores'!$H$2:$H$201,0,0,))} | H25: =IF('Results and Rankings'!$A25="","",IF(ISNA(LARGE('Results and Rankings'!$C25:$G25,1)+0.0001*LARGE('Results and Rankings'!$C25:$G25,2)+0.0000001*LARGE('Results and Rankings'!$C25:$G25,3)+1E-11*LARGE('Results and Rankings'!$C25:$G25,4)+1E-14*LARGE('Results and Rankings'!$C25:$G25,5)),0,LARGE('Results and Rankings'!$C25:$G25,1)+0.0001*LARGE('Results and Rankings'!$C25:$G25,2)+0.0000001*LARGE('Results and Rankings'!$C25:$G25,3)+1E-11*LARGE('Results and Rankings'!$C25:$G25,4)+1E-14*LARGE('Results and Rankings'!$C25:$G25,5))) | I25: =IF('Results and Rankings'!$A25="","",_xlfn.RANK.EQ('Results and Rankings'!$H25,'Results and Rankings'!$H$3:$H$202)) | J25: {=IF('Results and Rankings'!$A25="","",XLOOKUP('Results and Rankings'!$A25,'Core Values Input'!$A$2:$A$201,'Core Values Input'!$V$2:$V$201,NumberOfTeams+1,0,))} | K25: {=IF('Results and Rankings'!$A25="","",XLOOKUP('Results and Rankings'!$A25,'Innovation Project Input'!$A$2:$A$201,'Innovation Project Input'!$N$2:$N$201,NumberOfTeams+1,0,))} | L25: {=IF('Results and Rankings'!$A25="","",XLOOKUP('Results and Rankings'!$A25,'Robot Design Input'!$A$2:$A$201,'Robot Design Input'!$N$2:$N$201,NumberOfTeams+1,0,))} | M25: =IF('Results and Rankings'!$A25="","",IF('Results and Rankings'!$J25="",NumberOfTeams+1,'Results and Rankings'!$J25) + IF('Results and Rankings'!$K25="",NumberOfTeams+1,'Results and Rankings'!$K25) + IF('Results and Rankings'!$L25="",NumberOfTeams+1,'Results and Rankings'!$L25) + 'Results and Rankings'!$I25) | N25: =IF('Results and Rankings'!$A25="","",IF(M25,RANK(M25,M$3:M$202,1)-COUNTIF(M$3:M$202,0),NumberOfTeams+1)) | O25: {=XLOOKUP('Results and Rankings'!$A25,'Core Values Input'!$A$2:$A$201,'Core Values Input'!$W$2:$W$201,0,0,)} -> #VALUE! | P25: {=XLOOKUP('Results and Rankings'!$A25,'Core Values Input'!$A$2:$A$201,'Core Values Input'!$X$2:$X$201,0,0,)} -> #VALUE! | Q25: {=XLOOKUP('Results and Rankings'!$A25,'Core Values Input'!$A$2:$A$201,'Core Values Input'!$Y$2:$Y$201,0,0,)} -> #VALUE! | U25: {=XLOOKUP('Results and Rankings'!$A25,'Core Values Input'!$A$2:$A$201,'Core Values Input'!$U$2:$U$201,0,0,)} -> #VALUE! | V25: {=XLOOKUP('Results and Rankings'!$A25,'Innovation Project Input'!$A$2:$A$201,'Innovation Project Input'!$M$2:$M$201,0,0,)} -> #VALUE! | W25: {=XLOOKUP('Results and Rankings'!$A25,'Robot Design Input'!$A$2:$A$201,'Robot Design Input'!$M$2:$M$201,0,0,)} -> #VALUE! | X25: =IF(ISERR(GEOMEAN('Results and Rankings'!$H25,'Results and Rankings'!$U25,'Results and Rankings'!$V25,'Results and Rankings'!$W25)),0,GEOMEAN('Results and Rankings'!$H25,'Results and Rankings'!$U25,'Results and Rankings'!$V25,'Results and Rankings'!$W25)) -> 0 | Y25: =IF(X25,_xlfn.RANK.EQ(X25,X$3:X$110,0),NumberOfTeams) -> 0
A26: {=XLOOKUP(24,'Team and Program Information'!$B$3:$B$202,'Team and Program Information'!$C$3:$C$202,"ERROR",0)} | B26: {=XLOOKUP('Results and Rankings'!$A26,'Team and Program Information'!$C$3:$C$202,'Team and Program Information'!$D$3:$D$202,"",0,)} -> #VALUE! | C26: {=IF('Results and Rankings'!$A26="","",XLOOKUP('Results and Rankings'!$A26,'Robot Game Scores'!$B$2:$B$201,'Robot Game Scores'!$D$2:$D$201,0,0,))} | D26: {=IF('Results and Rankings'!$A26="","",XLOOKUP('Results and Rankings'!$A26,'Robot Game Scores'!$B$2:$B$201,'Robot Game Scores'!$E$2:$E$201,0,0,))} | E26: {=IF('Results and Rankings'!$A26="","",XLOOKUP('Results and Rankings'!$A26,'Robot Game Scores'!$B$2:$B$201,'Robot Game Scores'!$F$2:$F$201,0,0,))} | F26: {=IF('Results and Rankings'!$A26="","",XLOOKUP('Results and Rankings'!$A26,'Robot Game Scores'!$B$2:$B$201,'Robot Game Scores'!$G$2:$G$201,0,0,))} | G26: {=IF('Results and Rankings'!$A26="","",XLOOKUP('Results and Rankings'!$A26,'Robot Game Scores'!$B$2:$B$201,'Robot Game Scores'!$H$2:$H$201,0,0,))} | H26: =IF('Results and Rankings'!$A26="","",IF(ISNA(LARGE('Results and Rankings'!$C26:$G26,1)+0.0001*LARGE('Results and Rankings'!$C26:$G26,2)+0.0000001*LARGE('Results and Rankings'!$C26:$G26,3)+1E-11*LARGE('Results and Rankings'!$C26:$G26,4)+1E-14*LARGE('Results and Rankings'!$C26:$G26,5)),0,LARGE('Results and Rankings'!$C26:$G26,1)+0.0001*LARGE('Results and Rankings'!$C26:$G26,2)+0.0000001*LARGE('Results and Rankings'!$C26:$G26,3)+1E-11*LARGE('Results and Rankings'!$C26:$G26,4)+1E-14*LARGE('Results and Rankings'!$C26:$G26,5))) | I26: =IF('Results and Rankings'!$A26="","",_xlfn.RANK.EQ('Results and Rankings'!$H26,'Results and Rankings'!$H$3:$H$202)) | J26: {=IF('Results and Rankings'!$A26="","",XLOOKUP('Results and Rankings'!$A26,'Core Values Input'!$A$2:$A$201,'Core Values Input'!$V$2:$V$201,NumberOfTeams+1,0,))} | K26: {=IF('Results and Rankings'!$A26="","",XLOOKUP('Results and Rankings'!$A26,'Innovation Project Input'!$A$2:$A$201,'Innovation Project Input'!$N$2:$N$201,NumberOfTeams+1,0,))} | L26: {=IF('Results and Rankings'!$A26="","",XLOOKUP('Results and Rankings'!$A26,'Robot Design Input'!$A$2:$A$201,'Robot Design Input'!$N$2:$N$201,NumberOfTeams+1,0,))} | M26: =IF('Results and Rankings'!$A26="","",IF('Results and Rankings'!$J26="",NumberOfTeams+1,'Results and Rankings'!$J26) + IF('Results and Rankings'!$K26="",NumberOfTeams+1,'Results and Rankings'!$K26) + IF('Results and Rankings'!$L26="",NumberOfTeams+1,'Results and Rankings'!$L26) + 'Results and Rankings'!$I26) | N26: =IF('Results and Rankings'!$A26="","",IF(M26,RANK(M26,M$3:M$202,1)-COUNTIF(M$3:M$202,0),NumberOfTeams+1)) | O26: {=XLOOKUP('Results and Rankings'!$A26,'Core Values Input'!$A$2:$A$201,'Core Values Input'!$W$2:$W$201,0,0,)} -> #VALUE! | P26: {=XLOOKUP('Results and Rankings'!$A26,'Core Values Input'!$A$2:$A$201,'Core Values Input'!$X$2:$X$201,0,0,)} -> #VALUE! | Q26: {=XLOOKUP('Results and Rankings'!$A26,'Core Values Input'!$A$2:$A$201,'Core Values Input'!$Y$2:$Y$201,0,0,)} -> #VALUE! | U26: {=XLOOKUP('Results and Rankings'!$A26,'Core Values Input'!$A$2:$A$201,'Core Values Input'!$U$2:$U$201,0,0,)} -> #VALUE! | V26: {=XLOOKUP('Results and Rankings'!$A26,'Innovation Project Input'!$A$2:$A$201,'Innovation Project Input'!$M$2:$M$201,0,0,)} -> #VALUE! | W26: {=XLOOKUP('Results and Rankings'!$A26,'Robot Design Input'!$A$2:$A$201,'Robot Design Input'!$M$2:$M$201,0,0,)} -> #VALUE! | X26: =IF(ISERR(GEOMEAN('Results and Rankings'!$H26,'Results and Rankings'!$U26,'Results and Rankings'!$V26,'Results and Rankings'!$W26)),0,GEOMEAN('Results and Rankings'!$H26,'Results and Rankings'!$U26,'Results and Rankings'!$V26,'Results and Rankings'!$W26)) -> 0 | Y26: =IF(X26,_xlfn.RANK.EQ(X26,X$3:X$110,0),NumberOfTeams) -> 0
A27: {=XLOOKUP(25,'Team and Program Information'!$B$3:$B$202,'Team and Program Information'!$C$3:$C$202,"ERROR",0)} | B27: {=XLOOKUP('Results and Rankings'!$A27,'Team and Program Information'!$C$3:$C$202,'Team and Program Information'!$D$3:$D$202,"",0,)} -> #VALUE! | C27: {=IF('Results and Rankings'!$A27="","",XLOOKUP('Results and Rankings'!$A27,'Robot Game Scores'!$B$2:$B$201,'Robot Game Scores'!$D$2:$D$201,0,0,))} | D27: {=IF('Results and Rankings'!$A27="","",XLOOKUP('Results and Rankings'!$A27,'Robot Game Scores'!$B$2:$B$201,'Robot Game Scores'!$E$2:$E$201,0,0,))} | E27: {=IF('Results and Rankings'!$A27="","",XLOOKUP('Results and Rankings'!$A27,'Robot Game Scores'!$B$2:$B$201,'Robot Game Scores'!$F$2:$F$201,0,0,))} | F27: {=IF('Results and Rankings'!$A27="","",XLOOKUP('Results and Rankings'!$A27,'Robot Game Scores'!$B$2:$B$201,'Robot Game Scores'!$G$2:$G$201,0,0,))} | G27: {=IF('Results and Rankings'!$A27="","",XLOOKUP('Results and Rankings'!$A27,'Robot Game Scores'!$B$2:$B$201,'Robot Game Scores'!$H$2:$H$201,0,0,))} | H27: =IF('Results and Rankings'!$A27="","",IF(ISNA(LARGE('Results and Rankings'!$C27:$G27,1)+0.0001*LARGE('Results and Rankings'!$C27:$G27,2)+0.0000001*LARGE('Results and Rankings'!$C27:$G27,3)+1E-11*LARGE('Results and Rankings'!$C27:$G27,4)+1E-14*LARGE('Results and Rankings'!$C27:$G27,5)),0,LARGE('Results and Rankings'!$C27:$G27,1)+0.0001*LARGE('Results and Rankings'!$C27:$G27,2)+0.0000001*LARGE('Results and Rankings'!$C27:$G27,3)+1E-11*LARGE('Results and Rankings'!$C27:$G27,4)+1E-14*LARGE('Results and Rankings'!$C27:$G27,5))) | I27: =IF('Results and Rankings'!$A27="","",_xlfn.RANK.EQ('Results and Rankings'!$H27,'Results and Rankings'!$H$3:$H$202)) | J27: {=IF('Results and Rankings'!$A27="","",XLOOKUP('Results and Rankings'!$A27,'Core Values Input'!$A$2:$A$201,'Core Values Input'!$V$2:$V$201,NumberOfTeams+1,0,))} | K27: {=IF('Results and Rankings'!$A27="","",XLOOKUP('Results and Rankings'!$A27,'Innovation Project Input'!$A$2:$A$201,'Innovation Project Input'!$N$2:$N$201,NumberOfTeams+1,0,))} | L27: {=IF('Results and Rankings'!$A27="","",XLOOKUP('Results and Rankings'!$A27,'Robot Design Input'!$A$2:$A$201,'Robot Design Input'!$N$2:$N$201,NumberOfTeams+1,0,))} | M27: =IF('Results and Rankings'!$A27="","",IF('Results and Rankings'!$J27="",NumberOfTeams+1,'Results and Rankings'!$J27) + IF('Results and Rankings'!$K27="",NumberOfTeams+1,'Results and Rankings'!$K27) + IF('Results and Rankings'!$L27="",NumberOfTeams+1,'Results and Rankings'!$L27) + 'Results and Rankings'!$I27) | N27: =IF('Results and Rankings'!$A27="","",IF(M27,RANK(M27,M$3:M$202,1)-COUNTIF(M$3:M$202,0),NumberOfTeams+1)) | O27: {=XLOOKUP('Results and Rankings'!$A27,'Core Values Input'!$A$2:$A$201,'Core Values Input'!$W$2:$W$201,0,0,)} -> #VALUE! | P27: {=XLOOKUP('Results and Rankings'!$A27,'Core Values Input'!$A$2:$A$201,'Core Values Input'!$X$2:$X$201,0,0,)} -> #VALUE! | Q27: {=XLOOKUP('Results and Rankings'!$A27,'Core Values Input'!$A$2:$A$201,'Core Values Input'!$Y$2:$Y$201,0,0,)} -> #VALUE! | U27: {=XLOOKUP('Results and Rankings'!$A27,'Core Values Input'!$A$2:$A$201,'Core Values Input'!$U$2:$U$201,0,0,)} -> #VALUE! | V27: {=XLOOKUP('Results and Rankings'!$A27,'Innovation Project Input'!$A$2:$A$201,'Innovation Project Input'!$M$2:$M$201,0,0,)} -> #VALUE! | W27: {=XLOOKUP('Results and Rankings'!$A27,'Robot Design Input'!$A$2:$A$201,'Robot Design Input'!$M$2:$M$201,0,0,)} -> #VALUE! | X27: =IF(ISERR(GEOMEAN('Results and Rankings'!$H27,'Results and Rankings'!$U27,'Results and Rankings'!$V27,'Results and Rankings'!$W27)),0,GEOMEAN('Results and Rankings'!$H27,'Results and Rankings'!$U27,'Results and Rankings'!$V27,'Results and Rankings'!$W27)) -> 0 | Y27: =IF(X27,_xlfn.RANK.EQ(X27,X$3:X$110,0),NumberOfTeams) -> 0
A28: {=XLOOKUP(26,'Team and Program Information'!$B$3:$B$202,'Team and Program Information'!$C$3:$C$202,"ERROR",0)} | B28: {=XLOOKUP('Results and Rankings'!$A28,'Team and Program Information'!$C$3:$C$202,'Team and Program Information'!$D$3:$D$202,"",0,)} -> #VALUE! | C28: {=IF('Results and Rankings'!$A28="","",XLOOKUP('Results and Rankings'!$A28,'Robot Game Scores'!$B$2:$B$201,'Robot Game Scores'!$D$2:$D$201,0,0,))} | D28: {=IF('Results and Rankings'!$A28="","",XLOOKUP('Results and Rankings'!$A28,'Robot Game Scores'!$B$2:$B$201,'Robot Game Scores'!$E$2:$E$201,0,0,))} | E28: {=IF('Results and Rankings'!$A28="","",XLOOKUP('Results and Rankings'!$A28,'Robot Game Scores'!$B$2:$B$201,'Robot Game Scores'!$F$2:$F$201,0,0,))} | F28: {=IF('Results and Rankings'!$A28="","",XLOOKUP('Results and Rankings'!$A28,'Robot Game Scores'!$B$2:$B$201,'Robot Game Scores'!$G$2:$G$201,0,0,))} | G28: {=IF('Results and Rankings'!$A28="","",XLOOKUP('Results and Rankings'!$A28,'Robot Game Scores'!$B$2:$B$201,'Robot Game Scores'!$H$2:$H$201,0,0,))} | H28: =IF('Results and Rankings'!$A28="","",IF(ISNA(LARGE('Results and Rankings'!$C28:$G28,1)+0.0001*LARGE('Results and Rankings'!$C28:$G28,2)+0.0000001*LARGE('Results and Rankings'!$C28:$G28,3)+1E-11*LARGE('Results and Rankings'!$C28:$G28,4)+1E-14*LARGE('Results and Rankings'!$C28:$G28,5)),0,LARGE('Results and Rankings'!$C28:$G28,1)+0.0001*LARGE('Results and Rankings'!$C28:$G28,2)+0.0000001*LARGE('Results and Rankings'!$C28:$G28,3)+1E-11*LARGE('Results and Rankings'!$C28:$G28,4)+1E-14*LARGE('Results and Rankings'!$C28:$G28,5))) | I28: =IF('Results and Rankings'!$A28="","",_xlfn.RANK.EQ('Results and Rankings'!$H28,'Results and Rankings'!$H$3:$H$202)) | J28: {=IF('Results and Rankings'!$A28="","",XLOOKUP('Results and Rankings'!$A28,'Core Values Input'!$A$2:$A$201,'Core Values Input'!$V$2:$V$201,NumberOfTeams+1,0,))} | K28: {=IF('Results and Rankings'!$A28="","",XLOOKUP('Results and Rankings'!$A28,'Innovation Project Input'!$A$2:$A$201,'Innovation Project Input'!$N$2:$N$201,NumberOfTeams+1,0,))} | L28: {=IF('Results and Rankings'!$A28="","",XLOOKUP('Results and Rankings'!$A28,'Robot Design Input'!$A$2:$A$201,'Robot Design Input'!$N$2:$N$201,NumberOfTeams+1,0,))} | M28: =IF('Results and Rankings'!$A28="","",IF('Results and Rankings'!$J28="",NumberOfTeams+1,'Results and Rankings'!$J28) + IF('Results and Rankings'!$K28="",NumberOfTeams+1,'Results and Rankings'!$K28) + IF('Results and Rankings'!$L28="",NumberOfTeams+1,'Results and Rankings'!$L28) + 'Results and Rankings'!$I28) | N28: =IF('Results and Rankings'!$A28="","",IF(M28,RANK(M28,M$3:M$202,1)-COUNTIF(M$3:M$202,0),NumberOfTeams+1)) | O28: {=XLOOKUP('Results and Rankings'!$A28,'Core Values Input'!$A$2:$A$201,'Core Values Input'!$W$2:$W$201,0,0,)} -> #VALUE! | P28: {=XLOOKUP('Results and Rankings'!$A28,'Core Values Input'!$A$2:$A$201,'Core Values Input'!$X$2:$X$201,0,0,)} -> #VALUE! | Q28: {=XLOOKUP('Results and Rankings'!$A28,'Core Values Input'!$A$2:$A$201,'Core Values Input'!$Y$2:$Y$201,0,0,)} -> #VALUE! | U28: {=XLOOKUP('Results and Rankings'!$A28,'Core Values Input'!$A$2:$A$201,'Core Values Input'!$U$2:$U$201,0,0,)} -> #VALUE! | V28: {=XLOOKUP('Results and Rankings'!$A28,'Innovation Project Input'!$A$2:$A$201,'Innovation Project Input'!$M$2:$M$201,0,0,)} -> #VALUE! | W28: {=XLOOKUP('Results and Rankings'!$A28,'Robot Design Input'!$A$2:$A$201,'Robot Design Input'!$M$2:$M$201,0,0,)} -> #VALUE! | X28: =IF(ISERR(GEOMEAN('Results and Rankings'!$H28,'Results and Rankings'!$U28,'Results and Rankings'!$V28,'Results and Rankings'!$W28)),0,GEOMEAN('Results and Rankings'!$H28,'Results and Rankings'!$U28,'Results and Rankings'!$V28,'Results and Rankings'!$W28)) -> 0 | Y28: =IF(X28,_xlfn.RANK.EQ(X28,X$3:X$110,0),NumberOfTeams) -> 0
A29: {=XLOOKUP(27,'Team and Program Information'!$B$3:$B$202,'Team and Program Information'!$C$3:$C$202,"ERROR",0)} | B29: {=XLOOKUP('Results and Rankings'!$A29,'Team and Program Information'!$C$3:$C$202,'Team and Program Information'!$D$3:$D$202,"",0,)} -> #VALUE! | C29: {=IF('Results and Rankings'!$A29="","",XLOOKUP('Results and Rankings'!$A29,'Robot Game Scores'!$B$2:$B$201,'Robot Game Scores'!$D$2:$D$201,0,0,))} | D29: {=IF('Results and Rankings'!$A29="","",XLOOKUP('Results and Rankings'!$A29,'Robot Game Scores'!$B$2:$B$201,'Robot Game Scores'!$E$2:$E$201,0,0,))} | E29: {=IF('Results and Rankings'!$A29="","",XLOOKUP('Results and Rankings'!$A29,'Robot Game Scores'!$B$2:$B$201,'Robot Game Scores'!$F$2:$F$201,0,0,))} | F29: {=IF('Results and Rankings'!$A29="","",XLOOKUP('Results and Rankings'!$A29,'Robot Game Scores'!$B$2:$B$201,'Robot Game Scores'!$G$2:$G$201,0,0,))} | G29: {=IF('Results and Rankings'!$A29="","",XLOOKUP('Results and Rankings'!$A29,'Robot Game Scores'!$B$2:$B$201,'Robot Game Scores'!$H$2:$H$201,0,0,))} | H29: =IF('Results and Rankings'!$A29="","",IF(ISNA(LARGE('Results and Rankings'!$C29:$G29,1)+0.0001*LARGE('Results and Rankings'!$C29:$G29,2)+0.0000001*LARGE('Results and Rankings'!$C29:$G29,3)+1E-11*LARGE('Results and Rankings'!$C29:$G29,4)+1E-14*LARGE('Results and Rankings'!$C29:$G29,5)),0,LARGE('Results and Rankings'!$C29:$G29,1)+0.0001*LARGE('Results and Rankings'!$C29:$G29,2)+0.0000001*LARGE('Results and Rankings'!$C29:$G29,3)+1E-11*LARGE('Results and Rankings'!$C29:$G29,4)+1E-14*LARGE('Results and Rankings'!$C29:$G29,5))) | I29: =IF('Results and Rankings'!$A29="","",_xlfn.RANK.EQ('Results and Rankings'!$H29,'Results and Rankings'!$H$3:$H$202)) | J29: {=IF('Results and Rankings'!$A29="","",XLOOKUP('Results and Rankings'!$A29,'Core Values Input'!$A$2:$A$201,'Core Values Input'!$V$2:$V$201,NumberOfTeams+1,0,))} | K29: {=IF('Results and Rankings'!$A29="","",XLOOKUP('Results and Rankings'!$A29,'Innovation Project Input'!$A$2:$A$201,'Innovation Project Input'!$N$2:$N$201,NumberOfTeams+1,0,))} | L29: {=IF('Results and Rankings'!$A29="","",XLOOKUP('Results and Rankings'!$A29,'Robot Design Input'!$A$2:$A$201,'Robot Design Input'!$N$2:$N$201,NumberOfTeams+1,0,))} | M29: =IF('Results and Rankings'!$A29="","",IF('Results and Rankings'!$J29="",NumberOfTeams+1,'Results and Rankings'!$J29) + IF('Results and Rankings'!$K29="",NumberOfTeams+1,'Results and Rankings'!$K29) + IF('Results and Rankings'!$L29="",NumberOfTeams+1,'Results and Rankings'!$L29) + 'Results and Rankings'!$I29) | N29: =IF('Results and Rankings'!$A29="","",IF(M29,RANK(M29,M$3:M$202,1)-COUNTIF(M$3:M$202,0),NumberOfTeams+1)) | O29: {=XLOOKUP('Results and Rankings'!$A29,'Core Values Input'!$A$2:$A$201,'Core Values Input'!$W$2:$W$201,0,0,)} -> #VALUE! | P29: {=XLOOKUP('Results and Rankings'!$A29,'Core Values Input'!$A$2:$A$201,'Core Values Input'!$X$2:$X$201,0,0,)} -> #VALUE! | Q29: {=XLOOKUP('Results and Rankings'!$A29,'Core Values Input'!$A$2:$A$201,'Core Values Input'!$Y$2:$Y$201,0,0,)} -> #VALUE! | U29: {=XLOOKUP('Results and Rankings'!$A29,'Core Values Input'!$A$2:$A$201,'Core Values Input'!$U$2:$U$201,0,0,)} -> #VALUE! | V29: {=XLOOKUP('Results and Rankings'!$A29,'Innovation Project Input'!$A$2:$A$201,'Innovation Project Input'!$M$2:$M$201,0,0,)} -> #VALUE! | W29: {=XLOOKUP('Results and Rankings'!$A29,'Robot Design Input'!$A$2:$A$201,'Robot Design Input'!$M$2:$M$201,0,0,)} -> #VALUE! | X29: =IF(ISERR(GEOMEAN('Results and Rankings'!$H29,'Results and Rankings'!$U29,'Results and Rankings'!$V29,'Results and Rankings'!$W29)),0,GEOMEAN('Results and Rankings'!$H29,'Results and Rankings'!$U29,'Results and Rankings'!$V29,'Results and Rankings'!$W29)) -> 0 | Y29: =IF(X29,_xlfn.RANK.EQ(X29,X$3:X$110,0),NumberOfTeams) -> 0
A30: {=XLOOKUP(28,'Team and Program Information'!$B$3:$B$202,'Team and Program Information'!$C$3:$C$202,"ERROR",0)} | B30: {=XLOOKUP('Results and Rankings'!$A30,'Team and Program Information'!$C$3:$C$202,'Team and Program Information'!$D$3:$D$202,"",0,)} -> #VALUE! | C30: {=IF('Results and Rankings'!$A30="","",XLOOKUP('Results and Rankings'!$A30,'Robot Game Scores'!$B$2:$B$201,'Robot Game Scores'!$D$2:$D$201,0,0,))} | D30: {=IF('Results and Rankings'!$A30="","",XLOOKUP('Results and Rankings'!$A30,'Robot Game Scores'!$B$2:$B$201,'Robot Game Scores'!$E$2:$E$201,0,0,))} | E30: {=IF('Results and Rankings'!$A30="","",XLOOKUP('Results and Rankings'!$A30,'Robot Game Scores'!$B$2:$B$201,'Robot Game Scores'!$F$2:$F$201,0,0,))} | F30: {=IF('Results and Rankings'!$A30="","",XLOOKUP('Results and Rankings'!$A30,'Robot Game Scores'!$B$2:$B$201,'Robot Game Scores'!$G$2:$G$201,0,0,))} | G30: {=IF('Results and Rankings'!$A30="","",XLOOKUP('Results and Rankings'!$A30,'Robot Game Scores'!$B$2:$B$201,'Robot Game Scores'!$H$2:$H$201,0,0,))} | H30: =IF('Results and Rankings'!$A30="","",IF(ISNA(LARGE('Results and Rankings'!$C30:$G30,1)+0.0001*LARGE('Results and Rankings'!$C30:$G30,2)+0.0000001*LARGE('Results and Rankings'!$C30:$G30,3)+1E-11*LARGE('Results and Rankings'!$C30:$G30,4)+1E-14*LARGE('Results and Rankings'!$C30:$G30,5)),0,LARGE('Results and Rankings'!$C30:$G30,1)+0.0001*LARGE('Results and Rankings'!$C30:$G30,2)+0.0000001*LARGE('Results and Rankings'!$C30:$G30,3)+1E-11*LARGE('Results and Rankings'!$C30:$G30,4)+1E-14*LARGE('Results and Rankings'!$C30:$G30,5))) | I30: =IF('Results and Rankings'!$A30="","",_xlfn.RANK.EQ('Results and Rankings'!$H30,'Results and Rankings'!$H$3:$H$202)) | J30: {=IF('Results and Rankings'!$A30="","",XLOOKUP('Results and Rankings'!$A30,'Core Values Input'!$A$2:$A$201,'Core Values Input'!$V$2:$V$201,NumberOfTeams+1,0,))} | K30: {=IF('Results and Rankings'!$A30="","",XLOOKUP('Results and Rankings'!$A30,'Innovation Project Input'!$A$2:$A$201,'Innovation Project Input'!$N$2:$N$201,NumberOfTeams+1,0,))} | L30: {=IF('Results and Rankings'!$A30="","",XLOOKUP('Results and Rankings'!$A30,'Robot Design Input'!$A$2:$A$201,'Robot Design Input'!$N$2:$N$201,NumberOfTeams+1,0,))} | M30: =IF('Results and Rankings'!$A30="","",IF('Results and Rankings'!$J30="",NumberOfTeams+1,'Results and Rankings'!$J30) + IF('Results and Rankings'!$K30="",NumberOfTeams+1,'Results and Rankings'!$K30) + IF('Results and Rankings'!$L30="",NumberOfTeams+1,'Results and Rankings'!$L30) + 'Results and Rankings'!$I30) | N30: =IF('Results and Rankings'!$A30="","",IF(M30,RANK(M30,M$3:M$202,1)-COUNTIF(M$3:M$202,0),NumberOfTeams+1)) | O30: {=XLOOKUP('Results and Rankings'!$A30,'Core Values Input'!$A$2:$A$201,'Core Values Input'!$W$2:$W$201,0,0,)} -> #VALUE! | P30: {=XLOOKUP('Results and Rankings'!$A30,'Core Values Input'!$A$2:$A$201,'Core Values Input'!$X$2:$X$201,0,0,)} -> #VALUE! | Q30: {=XLOOKUP('Results and Rankings'!$A30,'Core Values Input'!$A$2:$A$201,'Core Values Input'!$Y$2:$Y$201,0,0,)} -> #VALUE! | U30: {=XLOOKUP('Results and Rankings'!$A30,'Core Values Input'!$A$2:$A$201,'Core Values Input'!$U$2:$U$201,0,0,)} -> #VALUE! | V30: {=XLOOKUP('Results and Rankings'!$A30,'Innovation Project Input'!$A$2:$A$201,'Innovation Project Input'!$M$2:$M$201,0,0,)} -> #VALUE! | W30: {=XLOOKUP('Results and Rankings'!$A30,'Robot Design Input'!$A$2:$A$201,'Robot Design Input'!$M$2:$M$201,0,0,)} -> #VALUE! | X30: =IF(ISERR(GEOMEAN('Results and Rankings'!$H30,'Results and Rankings'!$U30,'Results and Rankings'!$V30,'Results and Rankings'!$W30)),0,GEOMEAN('Results and Rankings'!$H30,'Results and Rankings'!$U30,'Results and Rankings'!$V30,'Results and Rankings'!$W30)) -> 0 | Y30: =IF(X30,_xlfn.RANK.EQ(X30,X$3:X$110,0),NumberOfTeams) -> 0
A31: {=XLOOKUP(29,'Team and Program Information'!$B$3:$B$202,'Team and Program Information'!$C$3:$C$202,"ERROR",0)} | B31: {=XLOOKUP('Results and Rankings'!$A31,'Team and Program Information'!$C$3:$C$202,'Team and Program Information'!$D$3:$D$202,"",0,)} -> #VALUE! | C31: {=IF('Results and Rankings'!$A31="","",XLOOKUP('Results and Rankings'!$A31,'Robot Game Scores'!$B$2:$B$201,'Robot Game Scores'!$D$2:$D$201,0,0,))} | D31: {=IF('Results and Rankings'!$A31="","",XLOOKUP('Results and Rankings'!$A31,'Robot Game Scores'!$B$2:$B$201,'Robot Game Scores'!$E$2:$E$201,0,0,))} | E31: {=IF('Results and Rankings'!$A31="","",XLOOKUP('Results and Rankings'!$A31,'Robot Game Scores'!$B$2:$B$201,'Robot Game Scores'!$F$2:$F$201,0,0,))} | F31: {=IF('Results and Rankings'!$A31="","",XLOOKUP('Results and Rankings'!$A31,'Robot Game Scores'!$B$2:$B$201,'Robot Game Scores'!$G$2:$G$201,0,0,))} | G31: {=IF('Results and Rankings'!$A31="","",XLOOKUP('Results and Rankings'!$A31,'Robot Game Scores'!$B$2:$B$201,'Robot Game Scores'!$H$2:$H$201,0,0,))} | H31: =IF('Results and Rankings'!$A31="","",IF(ISNA(LARGE('Results and Rankings'!$C31:$G31,1)+0.0001*LARGE('Results and Rankings'!$C31:$G31,2)+0.0000001*LARGE('Results and Rankings'!$C31:$G31,3)+1E-11*LARGE('Results and Rankings'!$C31:$G31,4)+1E-14*LARGE('Results and Rankings'!$C31:$G31,5)),0,LARGE('Results and Rankings'!$C31:$G31,1)+0.0001*LARGE('Results and Rankings'!$C31:$G31,2)+0.0000001*LARGE('Results and Rankings'!$C31:$G31,3)+1E-11*LARGE('Results and Rankings'!$C31:$G31,4)+1E-14*LARGE('Results and Rankings'!$C31:$G31,5))) | I31: =IF('Results and Rankings'!$A31="","",_xlfn.RANK.EQ('Results and Rankings'!$H31,'Results and Rankings'!$H$3:$H$202)) | J31: {=IF('Results and Rankings'!$A31="","",XLOOKUP('Results and Rankings'!$A31,'Core Values Input'!$A$2:$A$201,'Core Values Input'!$V$2:$V$201,NumberOfTeams+1,0,))} | K31: {=IF('Results and Rankings'!$A31="","",XLOOKUP('Results and Rankings'!$A31,'Innovation Project Input'!$A$2:$A$201,'Innovation Project Input'!$N$2:$N$201,NumberOfTeams+1,0,))} | L31: {=IF('Results and Rankings'!$A31="","",XLOOKUP('Results and Rankings'!$A31,'Robot Design Input'!$A$2:$A$201,'Robot Design Input'!$N$2:$N$201,NumberOfTeams+1,0,))} | M31: =IF('Results and Rankings'!$A31="","",IF('Results and Rankings'!$J31="",NumberOfTeams+1,'Results and Rankings'!$J31) + IF('Results and Rankings'!$K31="",NumberOfTeams+1,'Results and Rankings'!$K31) + IF('Results and Rankings'!$L31="",NumberOfTeams+1,'Results and Rankings'!$L31) + 'Results and Rankings'!$I31) | N31: =IF('Results and Rankings'!$A31="","",IF(M31,RANK(M31,M$3:M$202,1)-COUNTIF(M$3:M$202,0),NumberOfTeams+1)) | O31: {=XLOOKUP('Results and Rankings'!$A31,'Core Values Input'!$A$2:$A$201,'Core Values Input'!$W$2:$W$201,0,0,)} -> #VALUE! | P31: {=XLOOKUP('Results and Rankings'!$A31,'Core Values Input'!$A$2:$A$201,'Core Values Input'!$X$2:$X$201,0,0,)} -> #VALUE! | Q31: {=XLOOKUP('Results and Rankings'!$A31,'Core Values Input'!$A$2:$A$201,'Core Values Input'!$Y$2:$Y$201,0,0,)} -> #VALUE! | U31: {=XLOOKUP('Results and Rankings'!$A31,'Core Values Input'!$A$2:$A$201,'Core Values Input'!$U$2:$U$201,0,0,)} -> #VALUE! | V31: {=XLOOKUP('Results and Rankings'!$A31,'Innovation Project Input'!$A$2:$A$201,'Innovation Project Input'!$M$2:$M$201,0,0,)} -> #VALUE! | W31: {=XLOOKUP('Results and Rankings'!$A31,'Robot Design Input'!$A$2:$A$201,'Robot Design Input'!$M$2:$M$201,0,0,)} -> #VALUE! | X31: =IF(ISERR(GEOMEAN('Results and Rankings'!$H31,'Results and Rankings'!$U31,'Results and Rankings'!$V31,'Results and Rankings'!$W31)),0,GEOMEAN('Results and Rankings'!$H31,'Results and Rankings'!$U31,'Results and Rankings'!$V31,'Results and Rankings'!$W31)) -> 0 | Y31: =IF(X31,_xlfn.RANK.EQ(X31,X$3:X$110,0),NumberOfTeams) -> 0
A32: {=XLOOKUP(30,'Team and Program Information'!$B$3:$B$202,'Team and Program Information'!$C$3:$C$202,"ERROR",0)} | B32: {=XLOOKUP('Results and Rankings'!$A32,'Team and Program Information'!$C$3:$C$202,'Team and Program Information'!$D$3:$D$202,"",0,)} -> #VALUE! | C32: {=IF('Results and Rankings'!$A32="","",XLOOKUP('Results and Rankings'!$A32,'Robot Game Scores'!$B$2:$B$201,'Robot Game Scores'!$D$2:$D$201,0,0,))} | D32: {=IF('Results and Rankings'!$A32="","",XLOOKUP('Results and Rankings'!$A32,'Robot Game Scores'!$B$2:$B$201,'Robot Game Scores'!$E$2:$E$201,0,0,))} | E32: {=IF('Results and Rankings'!$A32="","",XLOOKUP('Results and Rankings'!$A32,'Robot Game Scores'!$B$2:$B$201,'Robot Game Scores'!$F$2:$F$201,0,0,))} | F32: {=IF('Results and Rankings'!$A32="","",XLOOKUP('Results and Rankings'!$A32,'Robot Game Scores'!$B$2:$B$201,'Robot Game Scores'!$G$2:$G$201,0,0,))} | G32: {=IF('Results and Rankings'!$A32="","",XLOOKUP('Results and Rankings'!$A32,'Robot Game Scores'!$B$2:$B$201,'Robot Game Scores'!$H$2:$H$201,0,0,))} | H32: =IF('Results and Rankings'!$A32="","",IF(ISNA(LARGE('Results and Rankings'!$C32:$G32,1)+0.0001*LARGE('Results and Rankings'!$C32:$G32,2)+0.0000001*LARGE('Results and Rankings'!$C32:$G32,3)+1E-11*LARGE('Results and Rankings'!$C32:$G32,4)+1E-14*LARGE('Results and Rankings'!$C32:$G32,5)),0,LARGE('Results and Rankings'!$C32:$G32,1)+0.0001*LARGE('Results and Rankings'!$C32:$G32,2)+0.0000001*LARGE('Results and Rankings'!$C32:$G32,3)+1E-11*LARGE('Results and Rankings'!$C32:$G32,4)+1E-14*LARGE('Results and Rankings'!$C32:$G32,5))) | I32: =IF('Results and Rankings'!$A32="","",_xlfn.RANK.EQ('Results and Rankings'!$H32,'Results and Rankings'!$H$3:$H$202)) | J32: {=IF('Results and Rankings'!$A32="","",XLOOKUP('Results and Rankings'!$A32,'Core Values Input'!$A$2:$A$201,'Core Values Input'!$V$2:$V$201,NumberOfTeams+1,0,))} | K32: {=IF('Results and Rankings'!$A32="","",XLOOKUP('Results and Rankings'!$A32,'Innovation Project Input'!$A$2:$A$201,'Innovation Project Input'!$N$2:$N$201,NumberOfTeams+1,0,))} | L32: {=IF('Results and Rankings'!$A32="","",XLOOKUP('Results and Rankings'!$A32,'Robot Design Input'!$A$2:$A$201,'Robot Design Input'!$N$2:$N$201,NumberOfTeams+1,0,))} | M32: =IF('Results and Rankings'!$A32="","",IF('Results and Rankings'!$J32="",NumberOfTeams+1,'Results and Rankings'!$J32) + IF('Results and Rankings'!$K32="",NumberOfTeams+1,'Results and Rankings'!$K32) + IF('Results and Rankings'!$L32="",NumberOfTeams+1,'Results and Rankings'!$L32) + 'Results and Rankings'!$I32) | N32: =IF('Results and Rankings'!$A32="","",IF(M32,RANK(M32,M$3:M$202,1)-COUNTIF(M$3:M$202,0),NumberOfTeams+1)) | O32: {=XLOOKUP('Results and Rankings'!$A32,'Core Values Input'!$A$2:$A$201,'Core Values Input'!$W$2:$W$201,0,0,)} -> #VALUE! | P32: {=XLOOKUP('Results and Rankings'!$A32,'Core Values Input'!$A$2:$A$201,'Core Values Input'!$X$2:$X$201,0,0,)} -> #VALUE! | Q32: {=XLOOKUP('Results and Rankings'!$A32,'Core Values Input'!$A$2:$A$201,'Core Values Input'!$Y$2:$Y$201,0,0,)} -> #VALUE! | U32: {=XLOOKUP('Results and Rankings'!$A32,'Core Values Input'!$A$2:$A$201,'Core Values Input'!$U$2:$U$201,0,0,)} -> #VALUE! | V32: {=XLOOKUP('Results and Rankings'!$A32,'Innovation Project Input'!$A$2:$A$201,'Innovation Project Input'!$M$2:$M$201,0,0,)} -> #VALUE! | W32: {=XLOOKUP('Results and Rankings'!$A32,'Robot Design Input'!$A$2:$A$201,'Robot Design Input'!$M$2:$M$201,0,0,)} -> #VALUE! | X32: =IF(ISERR(GEOMEAN('Results and Rankings'!$H32,'Results and Rankings'!$U32,'Results and Rankings'!$V32,'Results and Rankings'!$W32)),0,GEOMEAN('Results and Rankings'!$H32,'Results and Rankings'!$U32,'Results and Rankings'!$V32,'Results and Rankings'!$W32)) -> 0 | Y32: =IF(X32,_xlfn.RANK.EQ(X32,X$3:X$110,0),NumberOfTeams) -> 0
A33: {=XLOOKUP(31,'Team and Program Information'!$B$3:$B$202,'Team and Program Information'!$C$3:$C$202,"ERROR",0)} | B33: {=XLOOKUP('Results and Rankings'!$A33,'Team and Program Information'!$C$3:$C$202,'Team and Program Information'!$D$3:$D$202,"",0,)} -> #VALUE! | C33: {=IF('Results and Rankings'!$A33="","",XLOOKUP('Results and Rankings'!$A33,'Robot Game Scores'!$B$2:$B$201,'Robot Game Scores'!$D$2:$D$201,0,0,))} | D33: {=IF('Results and Rankings'!$A33="","",XLOOKUP('Results and Rankings'!$A33,'Robot Game Scores'!$B$2:$B$201,'Robot Game Scores'!$E$2:$E$201,0,0,))} | E33: {=IF('Results and Rankings'!$A33="","",XLOOKUP('Results and Rankings'!$A33,'Robot Game Scores'!$B$2:$B$201,'Robot Game Scores'!$F$2:$F$201,0,0,))} | F33: {=IF('Results and Rankings'!$A33="","",XLOOKUP('Results and Rankings'!$A33,'Robot Game Scores'!$B$2:$B$201,'Robot Game Scores'!$G$2:$G$201,0,0,))} | G33: {=IF('Results and Rankings'!$A33="","",XLOOKUP('Results and Rankings'!$A33,'Robot Game Scores'!$B$2:$B$201,'Robot Game Scores'!$H$2:$H$201,0,0,))} | H33: =IF('Results and Rankings'!$A33="","",IF(ISNA(LARGE('Results and Rankings'!$C33:$G33,1)+0.0001*LARGE('Results and Rankings'!$C33:$G33,2)+0.0000001*LARGE('Results and Rankings'!$C33:$G33,3)+1E-11*LARGE('Results and Rankings'!$C33:$G33,4)+1E-14*LARGE('Results and Rankings'!$C33:$G33,5)),0,LARGE('Results and Rankings'!$C33:$G33,1)+0.0001*LARGE('Results and Rankings'!$C33:$G33,2)+0.0000001*LARGE('Results and Rankings'!$C33:$G33,3)+1E-11*LARGE('Results and Rankings'!$C33:$G33,4)+1E-14*LARGE('Results and Rankings'!$C33:$G33,5))) | I33: =IF('Results and Rankings'!$A33="","",_xlfn.RANK.EQ('Results and Rankings'!$H33,'Results and Rankings'!$H$3:$H$202)) | J33: {=IF('Results and Rankings'!$A33="","",XLOOKUP('Results and Rankings'!$A33,'Core Values Input'!$A$2:$A$201,'Core Values Input'!$V$2:$V$201,NumberOfTeams+1,0,))} | K33: {=IF('Results and Rankings'!$A33="","",XLOOKUP('Results and Rankings'!$A33,'Innovation Project Input'!$A$2:$A$201,'Innovation Project Input'!$N$2:$N$201,NumberOfTeams+1,0,))} | L33: {=IF('Results and Rankings'!$A33="","",XLOOKUP('Results and Rankings'!$A33,'Robot Design Input'!$A$2:$A$201,'Robot Design Input'!$N$2:$N$201,NumberOfTeams+1,0,))} | M33: =IF('Results and Rankings'!$A33="","",IF('Results and Rankings'!$J33="",NumberOfTeams+1,'Results and Rankings'!$J33) + IF('Results and Rankings'!$K33="",NumberOfTeams+1,'Results and Rankings'!$K33) + IF('Results and Rankings'!$L33="",NumberOfTeams+1,'Results and Rankings'!$L33) + 'Results and Rankings'!$I33) | N33: =IF('Results and Rankings'!$A33="","",IF(M33,RANK(M33,M$3:M$202,1)-COUNTIF(M$3:M$202,0),NumberOfTeams+1)) | O33: {=XLOOKUP('Results and Rankings'!$A33,'Core Values Input'!$A$2:$A$201,'Core Values Input'!$W$2:$W$201,0,0,)} -> #VALUE! | P33: {=XLOOKUP('Results and Rankings'!$A33,'Core Values Input'!$A$2:$A$201,'Core Values Input'!$X$2:$X$201,0,0,)} -> #VALUE! | Q33: {=XLOOKUP('Results and Rankings'!$A33,'Core Values Input'!$A$2:$A$201,'Core Values Input'!$Y$2:$Y$201,0,0,)} -> #VALUE! | U33: {=XLOOKUP('Results and Rankings'!$A33,'Core Values Input'!$A$2:$A$201,'Core Values Input'!$U$2:$U$201,0,0,)} -> #VALUE! | V33: {=XLOOKUP('Results and Rankings'!$A33,'Innovation Project Input'!$A$2:$A$201,'Innovation Project Input'!$M$2:$M$201,0,0,)} -> #VALUE! | W33: {=XLOOKUP('Results and Rankings'!$A33,'Robot Design Input'!$A$2:$A$201,'Robot Design Input'!$M$2:$M$201,0,0,)} -> #VALUE! | X33: =IF(ISERR(GEOMEAN('Results and Rankings'!$H33,'Results and Rankings'!$U33,'Results and Rankings'!$V33,'Results and Rankings'!$W33)),0,GEOMEAN('Results and Rankings'!$H33,'Results and Rankings'!$U33,'Results and Rankings'!$V33,'Results and Rankings'!$W33)) -> 0 | Y33: =IF(X33,_xlfn.RANK.EQ(X33,X$3:X$110,0),NumberOfTeams) -> 0
A34: {=XLOOKUP(32,'Team and Program Information'!$B$3:$B$202,'Team and Program Information'!$C$3:$C$202,"ERROR",0)} | B34: {=XLOOKUP('Results and Rankings'!$A34,'Team and Program Information'!$C$3:$C$202,'Team and Program Information'!$D$3:$D$202,"",0,)} -> #VALUE! | C34: {=IF('Results and Rankings'!$A34="","",XLOOKUP('Results and Rankings'!$A34,'Robot Game Scores'!$B$2:$B$201,'Robot Game Scores'!$D$2:$D$201,0,0,))} | D34: {=IF('Results and Rankings'!$A34="","",XLOOKUP('Results and Rankings'!$A34,'Robot Game Scores'!$B$2:$B$201,'Robot Game Scores'!$E$2:$E$201,0,0,))} | E34: {=IF('Results and Rankings'!$A34="","",XLOOKUP('Results and Rankings'!$A34,'Robot Game Scores'!$B$2:$B$201,'Robot Game Scores'!$F$2:$F$201,0,0,))} | F34: {=IF('Results and Rankings'!$A34="","",XLOOKUP('Results and Rankings'!$A34,'Robot Game Scores'!$B$2:$B$201,'Robot Game Scores'!$G$2:$G$201,0,0,))} | G34: {=IF('Results and Rankings'!$A34="","",XLOOKUP('Results and Rankings'!$A34,'Robot Game Scores'!$B$2:$B$201,'Robot Game Scores'!$H$2:$H$201,0,0,))} | H34: =IF('Results and Rankings'!$A34="","",IF(ISNA(LARGE('Results and Rankings'!$C34:$G34,1)+0.0001*LARGE('Results and Rankings'!$C34:$G34,2)+0.0000001*LARGE('Results and Rankings'!$C34:$G34,3)+1E-11*LARGE('Results and Rankings'!$C34:$G34,4)+1E-14*LARGE('Results and Rankings'!$C34:$G34,5)),0,LARGE('Results and Rankings'!$C34:$G34,1)+0.0001*LARGE('Results and Rankings'!$C34:$G34,2)+0.0000001*LARGE('Results and Rankings'!$C34:$G34,3)+1E-11*LARGE('Results and Rankings'!$C34:$G34,4)+1E-14*LARGE('Results and Rankings'!$C34:$G34,5))) | I34: =IF('Results and Rankings'!$A34="","",_xlfn.RANK.EQ('Results and Rankings'!$H34,'Results and Rankings'!$H$3:$H$202)) | J34: {=IF('Results and Rankings'!$A34="","",XLOOKUP('Results and Rankings'!$A34,'Core Values Input'!$A$2:$A$201,'Core Values Input'!$V$2:$V$201,NumberOfTeams+1,0,))} | K34: {=IF('Results and Rankings'!$A34="","",XLOOKUP('Results and Rankings'!$A34,'Innovation Project Input'!$A$2:$A$201,'Innovation Project Input'!$N$2:$N$201,NumberOfTeams+1,0,))} | L34: {=IF('Results and Rankings'!$A34="","",XLOOKUP('Results and Rankings'!$A34,'Robot Design Input'!$A$2:$A$201,'Robot Design Input'!$N$2:$N$201,NumberOfTeams+1,0,))} | M34: =IF('Results and Rankings'!$A34="","",IF('Results and Rankings'!$J34="",NumberOfTeams+1,'Results and Rankings'!$J34) + IF('Results and Rankings'!$K34="",NumberOfTeams+1,'Results and Rankings'!$K34) + IF('Results and Rankings'!$L34="",NumberOfTeams+1,'Results and Rankings'!$L34) + 'Results and Rankings'!$I34) | N34: =IF('Results and Rankings'!$A34="","",IF(M34,RANK(M34,M$3:M$202,1)-COUNTIF(M$3:M$202,0),NumberOfTeams+1)) | O34: {=XLOOKUP('Results and Rankings'!$A34,'Core Values Input'!$A$2:$A$201,'Core Values Input'!$W$2:$W$201,0,0,)} -> #VALUE! | P34: {=XLOOKUP('Results and Rankings'!$A34,'Core Values Input'!$A$2:$A$201,'Core Values Input'!$X$2:$X$201,0,0,)} -> #VALUE! | Q34: {=XLOOKUP('Results and Rankings'!$A34,'Core Values Input'!$A$2:$A$201,'Core Values Input'!$Y$2:$Y$201,0,0,)} -> #VALUE! | U34: {=XLOOKUP('Results and Rankings'!$A34,'Core Values Input'!$A$2:$A$201,'Core Values Input'!$U$2:$U$201,0,0,)} -> #VALUE! | V34: {=XLOOKUP('Results and Rankings'!$A34,'Innovation Project Input'!$A$2:$A$201,'Innovation Project Input'!$M$2:$M$201,0,0,)} -> #VALUE! | W34: {=XLOOKUP('Results and Rankings'!$A34,'Robot Design Input'!$A$2:$A$201,'Robot Design Input'!$M$2:$M$201,0,0,)} -> #VALUE! | X34: =IF(ISERR(GEOMEAN('Results and Rankings'!$H34,'Results and Rankings'!$U34,'Results and Rankings'!$V34,'Results and Rankings'!$W34)),0,GEOMEAN('Results and Rankings'!$H34,'Results and Rankings'!$U34,'Results and Rankings'!$V34,'Results and Rankings'!$W34)) -> 0 | Y34: =IF(X34,_xlfn.RANK.EQ(X34,X$3:X$110,0),NumberOfTeams) -> 0
A35: {=XLOOKUP(33,'Team and Program Information'!$B$3:$B$202,'Team and Program Information'!$C$3:$C$202,"ERROR",0)} | B35: {=XLOOKUP('Results and Rankings'!$A35,'Team and Program Information'!$C$3:$C$202,'Team and Program Information'!$D$3:$D$202,"",0,)} -> #VALUE! | C35: {=IF('Results and Rankings'!$A35="","",XLOOKUP('Results and Rankings'!$A35,'Robot Game Scores'!$B$2:$B$201,'Robot Game Scores'!$D$2:$D$201,0,0,))} | D35: {=IF('Results and Rankings'!$A35="","",XLOOKUP('Results and Rankings'!$A35,'Robot Game Scores'!$B$2:$B$201,'Robot Game Scores'!$E$2:$E$201,0,0,))} | E35: {=IF('Results and Rankings'!$A35="","",XLOOKUP('Results and Rankings'!$A35,'Robot Game Scores'!$B$2:$B$201,'Robot Game Scores'!$F$2:$F$201,0,0,))} | F35: {=IF('Results and Rankings'!$A35="","",XLOOKUP('Results and Rankings'!$A35,'Robot Game Scores'!$B$2:$B$201,'Robot Game Scores'!$G$2:$G$201,0,0,))} | G35: {=IF('Results and Rankings'!$A35="","",XLOOKUP('Results and Rankings'!$A35,'Robot Game Scores'!$B$2:$B$201,'Robot Game Scores'!$H$2:$H$201,0,0,))} | H35: =IF('Results and Rankings'!$A35="","",IF(ISNA(LARGE('Results and Rankings'!$C35:$G35,1)+0.0001*LARGE('Results and Rankings'!$C35:$G35,2)+0.0000001*LARGE('Results and Rankings'!$C35:$G35,3)+1E-11*LARGE('Results and Rankings'!$C35:$G35,4)+1E-14*LARGE('Results and Rankings'!$C35:$G35,5)),0,LARGE('Results and Rankings'!$C35:$G35,1)+0.0001*LARGE('Results and Rankings'!$C35:$G35,2)+0.0000001*LARGE('Results and Rankings'!$C35:$G35,3)+1E-11*LARGE('Results and Rankings'!$C35:$G35,4)+1E-14*LARGE('Results and Rankings'!$C35:$G35,5))) | I35: =IF('Results and Rankings'!$A35="","",_xlfn.RANK.EQ('Results and Rankings'!$H35,'Results and Rankings'!$H$3:$H$202)) | J35: {=IF('Results and Rankings'!$A35="","",XLOOKUP('Results and Rankings'!$A35,'Core Values Input'!$A$2:$A$201,'Core Values Input'!$V$2:$V$201,NumberOfTeams+1,0,))} | K35: {=IF('Results and Rankings'!$A35="","",XLOOKUP('Results and Rankings'!$A35,'Innovation Project Input'!$A$2:$A$201,'Innovation Project Input'!$N$2:$N$201,NumberOfTeams+1,0,))} | L35: {=IF('Results and Rankings'!$A35="","",XLOOKUP('Results and Rankings'!$A35,'Robot Design Input'!$A$2:$A$201,'Robot Design Input'!$N$2:$N$201,NumberOfTeams+1,0,))} | M35: =IF('Results and Rankings'!$A35="","",IF('Results and Rankings'!$J35="",NumberOfTeams+1,'Results and Rankings'!$J35) + IF('Results and Rankings'!$K35="",NumberOfTeams+1,'Results and Rankings'!$K35) + IF('Results and Rankings'!$L35="",NumberOfTeams+1,'Results and Rankings'!$L35) + 'Results and Rankings'!$I35) | N35: =IF('Results and Rankings'!$A35="","",IF(M35,RANK(M35,M$3:M$202,1)-COUNTIF(M$3:M$202,0),NumberOfTeams+1)) | O35: {=XLOOKUP('Results and Rankings'!$A35,'Core Values Input'!$A$2:$A$201,'Core Values Input'!$W$2:$W$201,0,0,)} -> #VALUE! | P35: {=XLOOKUP('Results and Rankings'!$A35,'Core Values Input'!$A$2:$A$201,'Core Values Input'!$X$2:$X$201,0,0,)} -> #VALUE! | Q35: {=XLOOKUP('Results and Rankings'!$A35,'Core Values Input'!$A$2:$A$201,'Core Values Input'!$Y$2:$Y$201,0,0,)} -> #VALUE! | U35: {=XLOOKUP('Results and Rankings'!$A35,'Core Values Input'!$A$2:$A$201,'Core Values Input'!$U$2:$U$201,0,0,)} -> #VALUE! | V35: {=XLOOKUP('Results and Rankings'!$A35,'Innovation Project Input'!$A$2:$A$201,'Innovation Project Input'!$M$2:$M$201,0,0,)} -> #VALUE! | W35: {=XLOOKUP('Results and Rankings'!$A35,'Robot Design Input'!$A$2:$A$201,'Robot Design Input'!$M$2:$M$201,0,0,)} -> #VALUE! | X35: =IF(ISERR(GEOMEAN('Results and Rankings'!$H35,'Results and Rankings'!$U35,'Results and Rankings'!$V35,'Results and Rankings'!$W35)),0,GEOMEAN('Results and Rankings'!$H35,'Results and Rankings'!$U35,'Results and Rankings'!$V35,'Results and Rankings'!$W35)) -> 0 | Y35: =IF(X35,_xlfn.RANK.EQ(X35,X$3:X$110,0),NumberOfTeams) -> 0
A36: {=XLOOKUP(34,'Team and Program Information'!$B$3:$B$202,'Team and Program Information'!$C$3:$C$202,"ERROR",0)} | B36: {=XLOOKUP('Results and Rankings'!$A36,'Team and Program Information'!$C$3:$C$202,'Team and Program Information'!$D$3:$D$202,"",0,)} -> #VALUE! | C36: {=IF('Results and Rankings'!$A36="","",XLOOKUP('Results and Rankings'!$A36,'Robot Game Scores'!$B$2:$B$201,'Robot Game Scores'!$D$2:$D$201,0,0,))} | D36: {=IF('Results and Rankings'!$A36="","",XLOOKUP('Results and Rankings'!$A36,'Robot Game Scores'!$B$2:$B$201,'Robot Game Scores'!$E$2:$E$201,0,0,))} | E36: {=IF('Results and Rankings'!$A36="","",XLOOKUP('Results and Rankings'!$A36,'Robot Game Scores'!$B$2:$B$201,'Robot Game Scores'!$F$2:$F$201,0,0,))} | F36: {=IF('Results and Rankings'!$A36="","",XLOOKUP('Results and Rankings'!$A36,'Robot Game Scores'!$B$2:$B$201,'Robot Game Scores'!$G$2:$G$201,0,0,))} | G36: {=IF('Results and Rankings'!$A36="","",XLOOKUP('Results and Rankings'!$A36,'Robot Game Scores'!$B$2:$B$201,'Robot Game Scores'!$H$2:$H$201,0,0,))} | H36: =IF('Results and Rankings'!$A36="","",IF(ISNA(LARGE('Results and Rankings'!$C36:$G36,1)+0.0001*LARGE('Results and Rankings'!$C36:$G36,2)+0.0000001*LARGE('Results and Rankings'!$C36:$G36,3)+1E-11*LARGE('Results and Rankings'!$C36:$G36,4)+1E-14*LARGE('Results and Rankings'!$C36:$G36,5)),0,LARGE('Results and Rankings'!$C36:$G36,1)+0.0001*LARGE('Results and Rankings'!$C36:$G36,2)+0.0000001*LARGE('Results and Rankings'!$C36:$G36,3)+1E-11*LARGE('Results and Rankings'!$C36:$G36,4)+1E-14*LARGE('Results and Rankings'!$C36:$G36,5))) | I36: =IF('Results and Rankings'!$A36="","",_xlfn.RANK.EQ('Results and Rankings'!$H36,'Results and Rankings'!$H$3:$H$202)) | J36: {=IF('Results and Rankings'!$A36="","",XLOOKUP('Results and Rankings'!$A36,'Core Values Input'!$A$2:$A$201,'Core Values Input'!$V$2:$V$201,NumberOfTeams+1,0,))} | K36: {=IF('Results and Rankings'!$A36="","",XLOOKUP('Results and Rankings'!$A36,'Innovation Project Input'!$A$2:$A$201,'Innovation Project Input'!$N$2:$N$201,NumberOfTeams+1,0,))} | L36: {=IF('Results and Rankings'!$A36="","",XLOOKUP('Results and Rankings'!$A36,'Robot Design Input'!$A$2:$A$201,'Robot Design Input'!$N$2:$N$201,NumberOfTeams+1,0,))} | M36: =IF('Results and Rankings'!$A36="","",IF('Results and Rankings'!$J36="",NumberOfTeams+1,'Results and Rankings'!$J36) + IF('Results and Rankings'!$K36="",NumberOfTeams+1,'Results and Rankings'!$K36) + IF('Results and Rankings'!$L36="",NumberOfTeams+1,'Results and Rankings'!$L36) + 'Results and Rankings'!$I36) | N36: =IF('Results and Rankings'!$A36="","",IF(M36,RANK(M36,M$3:M$202,1)-COUNTIF(M$3:M$202,0),NumberOfTeams+1)) | O36: {=XLOOKUP('Results and Rankings'!$A36,'Core Values Input'!$A$2:$A$201,'Core Values Input'!$W$2:$W$201,0,0,)} -> #VALUE! | P36: {=XLOOKUP('Results and Rankings'!$A36,'Core Values Input'!$A$2:$A$201,'Core Values Input'!$X$2:$X$201,0,0,)} -> #VALUE! | Q36: {=XLOOKUP('Results and Rankings'!$A36,'Core Values Input'!$A$2:$A$201,'Core Values Input'!$Y$2:$Y$201,0,0,)} -> #VALUE! | U36: {=XLOOKUP('Results and Rankings'!$A36,'Core Values Input'!$A$2:$A$201,'Core Values Input'!$U$2:$U$201,0,0,)} -> #VALUE! | V36: {=XLOOKUP('Results and Rankings'!$A36,'Innovation Project Input'!$A$2:$A$201,'Innovation Project Input'!$M$2:$M$201,0,0,)} -> #VALUE! | W36: {=XLOOKUP('Results and Rankings'!$A36,'Robot Design Input'!$A$2:$A$201,'Robot Design Input'!$M$2:$M$201,0,0,)} -> #VALUE! | X36: =IF(ISERR(GEOMEAN('Results and Rankings'!$H36,'Results and Rankings'!$U36,'Results and Rankings'!$V36,'Results and Rankings'!$W36)),0,GEOMEAN('Results and Rankings'!$H36,'Results and Rankings'!$U36,'Results and Rankings'!$V36,'Results and Rankings'!$W36)) -> 0 | Y36: =IF(X36,_xlfn.RANK.EQ(X36,X$3:X$110,0),NumberOfTeams) -> 0
A37: {=XLOOKUP(35,'Team and Program Information'!$B$3:$B$202,'Team and Program Information'!$C$3:$C$202,"ERROR",0)} | B37: {=XLOOKUP('Results and Rankings'!$A37,'Team and Program Information'!$C$3:$C$202,'Team and Program Information'!$D$3:$D$202,"",0,)} -> #VALUE! | C37: {=IF('Results and Rankings'!$A37="","",XLOOKUP('Results and Rankings'!$A37,'Robot Game Scores'!$B$2:$B$201,'Robot Game Scores'!$D$2:$D$201,0,0,))} | D37: {=IF('Results and Rankings'!$A37="","",XLOOKUP('Results and Rankings'!$A37,'Robot Game Scores'!$B$2:$B$201,'Robot Game Scores'!$E$2:$E$201,0,0,))} | E37: {=IF('Results and Rankings'!$A37="","",XLOOKUP('Results and Rankings'!$A37,'Robot Game Scores'!$B$2:$B$201,'Robot Game Scores'!$F$2:$F$201,0,0,))} | F37: {=IF('Results and Rankings'!$A37="","",XLOOKUP('Results and Rankings'!$A37,'Robot Game Scores'!$B$2:$B$201,'Robot Game Scores'!$G$2:$G$201,0,0,))} | G37: {=IF('Results and Rankings'!$A37="","",XLOOKUP('Results and Rankings'!$A37,'Robot Game Scores'!$B$2:$B$201,'Robot Game Scores'!$H$2:$H$201,0,0,))} | H37: =IF('Results and Rankings'!$A37="","",IF(ISNA(LARGE('Results and Rankings'!$C37:$G37,1)+0.0001*LARGE('Results and Rankings'!$C37:$G37,2)+0.0000001*LARGE('Results and Rankings'!$C37:$G37,3)+1E-11*LARGE('Results and Rankings'!$C37:$G37,4)+1E-14*LARGE('Results and Rankings'!$C37:$G37,5)),0,LARGE('Results and Rankings'!$C37:$G37,1)+0.0001*LARGE('Results and Rankings'!$C37:$G37,2)+0.0000001*LARGE('Results and Rankings'!$C37:$G37,3)+1E-11*LARGE('Results and Rankings'!$C37:$G37,4)+1E-14*LARGE('Results and Rankings'!$C37:$G37,5))) | I37: =IF('Results and Rankings'!$A37="","",_xlfn.RANK.EQ('Results and Rankings'!$H37,'Results and Rankings'!$H$3:$H$202)) | J37: {=IF('Results and Rankings'!$A37="","",XLOOKUP('Results and Rankings'!$A37,'Core Values Input'!$A$2:$A$201,'Core Values Input'!$V$2:$V$201,NumberOfTeams+1,0,))} | K37: {=IF('Results and Rankings'!$A37="","",XLOOKUP('Results and Rankings'!$A37,'Innovation Project Input'!$A$2:$A$201,'Innovation Project Input'!$N$2:$N$201,NumberOfTeams+1,0,))} | L37: {=IF('Results and Rankings'!$A37="","",XLOOKUP('Results and Rankings'!$A37,'Robot Design Input'!$A$2:$A$201,'Robot Design Input'!$N$2:$N$201,NumberOfTeams+1,0,))} | M37: =IF('Results and Rankings'!$A37="","",IF('Results and Rankings'!$J37="",NumberOfTeams+1,'Results and Rankings'!$J37) + IF('Results and Rankings'!$K37="",NumberOfTeams+1,'Results and Rankings'!$K37) + IF('Results and Rankings'!$L37="",NumberOfTeams+1,'Results and Rankings'!$L37) + 'Results and Rankings'!$I37) | N37: =IF('Results and Rankings'!$A37="","",IF(M37,RANK(M37,M$3:M$202,1)-COUNTIF(M$3:M$202,0),NumberOfTeams+1)) | O37: {=XLOOKUP('Results and Rankings'!$A37,'Core Values Input'!$A$2:$A$201,'Core Values Input'!$W$2:$W$201,0,0,)} -> #VALUE! | P37: {=XLOOKUP('Results and Rankings'!$A37,'Core Values Input'!$A$2:$A$201,'Core Values Input'!$X$2:$X$201,0,0,)} -> #VALUE! | Q37: {=XLOOKUP('Results and Rankings'!$A37,'Core Values Input'!$A$2:$A$201,'Core Values Input'!$Y$2:$Y$201,0,0,)} -> #VALUE! | U37: {=XLOOKUP('Results and Rankings'!$A37,'Core Values Input'!$A$2:$A$201,'Core Values Input'!$U$2:$U$201,0,0,)} -> #VALUE! | V37: {=XLOOKUP('Results and Rankings'!$A37,'Innovation Project Input'!$A$2:$A$201,'Innovation Project Input'!$M$2:$M$201,0,0,)} -> #VALUE! | W37: {=XLOOKUP('Results and Rankings'!$A37,'Robot Design Input'!$A$2:$A$201,'Robot Design Input'!$M$2:$M$201,0,0,)} -> #VALUE! | X37: =IF(ISERR(GEOMEAN('Results and Rankings'!$H37,'Results and Rankings'!$U37,'Results and Rankings'!$V37,'Results and Rankings'!$W37)),0,GEOMEAN('Results and Rankings'!$H37,'Results and Rankings'!$U37,'Results and Rankings'!$V37,'Results and Rankings'!$W37)) -> 0 | Y37: =IF(X37,_xlfn.RANK.EQ(X37,X$3:X$110,0),NumberOfTeams) -> 0
A38: {=XLOOKUP(36,'Team and Program Information'!$B$3:$B$202,'Team and Program Information'!$C$3:$C$202,"ERROR",0)} | B38: {=XLOOKUP('Results and Rankings'!$A38,'Team and Program Information'!$C$3:$C$202,'Team and Program Information'!$D$3:$D$202,"",0,)} -> #VALUE! | C38: {=IF('Results and Rankings'!$A38="","",XLOOKUP('Results and Rankings'!$A38,'Robot Game Scores'!$B$2:$B$201,'Robot Game Scores'!$D$2:$D$201,0,0,))} | D38: {=IF('Results and Rankings'!$A38="","",XLOOKUP('Results and Rankings'!$A38,'Robot Game Scores'!$B$2:$B$201,'Robot Game Scores'!$E$2:$E$201,0,0,))} | E38: {=IF('Results and Rankings'!$A38="","",XLOOKUP('Results and Rankings'!$A38,'Robot Game Scores'!$B$2:$B$201,'Robot Game Scores'!$F$2:$F$201,0,0,))} | F38: {=IF('Results and Rankings'!$A38="","",XLOOKUP('Results and Rankings'!$A38,'Robot Game Scores'!$B$2:$B$201,'Robot Game Scores'!$G$2:$G$201,0,0,))} | G38: {=IF('Results and Rankings'!$A38="","",XLOOKUP('Results and Rankings'!$A38,'Robot Game Scores'!$B$2:$B$201,'Robot Game Scores'!$H$2:$H$201,0,0,))} | H38: =IF('Results and Rankings'!$A38="","",IF(ISNA(LARGE('Results and Rankings'!$C38:$G38,1)+0.0001*LARGE('Results and Rankings'!$C38:$G38,2)+0.0000001*LARGE('Results and Rankings'!$C38:$G38,3)+1E-11*LARGE('Results and Rankings'!$C38:$G38,4)+1E-14*LARGE('Results and Rankings'!$C38:$G38,5)),0,LARGE('Results and Rankings'!$C38:$G38,1)+0.0001*LARGE('Results and Rankings'!$C38:$G38,2)+0.0000001*LARGE('Results and Rankings'!$C38:$G38,3)+1E-11*LARGE('Results and Rankings'!$C38:$G38,4)+1E-14*LARGE('Results and Rankings'!$C38:$G38,5))) | I38: =IF('Results and Rankings'!$A38="","",_xlfn.RANK.EQ('Results and Rankings'!$H38,'Results and Rankings'!$H$3:$H$202)) | J38: {=IF('Results and Rankings'!$A38="","",XLOOKUP('Results and Rankings'!$A38,'Core Values Input'!$A$2:$A$201,'Core Values Input'!$V$2:$V$201,NumberOfTeams+1,0,))} | K38: {=IF('Results and Rankings'!$A38="","",XLOOKUP('Results and Rankings'!$A38,'Innovation Project Input'!$A$2:$A$201,'Innovation Project Input'!$N$2:$N$201,NumberOfTeams+1,0,))} | L38: {=IF('Results and Rankings'!$A38="","",XLOOKUP('Results and Rankings'!$A38,'Robot Design Input'!$A$2:$A$201,'Robot Design Input'!$N$2:$N$201,NumberOfTeams+1,0,))} | M38: =IF('Results and Rankings'!$A38="","",IF('Results and Rankings'!$J38="",NumberOfTeams+1,'Results and Rankings'!$J38) + IF('Results and Rankings'!$K38="",NumberOfTeams+1,'Results and Rankings'!$K38) + IF('Results and Rankings'!$L38="",NumberOfTeams+1,'Results and Rankings'!$L38) + 'Results and Rankings'!$I38) | N38: =IF('Results and Rankings'!$A38="","",IF(M38,RANK(M38,M$3:M$202,1)-COUNTIF(M$3:M$202,0),NumberOfTeams+1)) | O38: {=XLOOKUP('Results and Rankings'!$A38,'Core Values Input'!$A$2:$A$201,'Core Values Input'!$W$2:$W$201,0,0,)} -> #VALUE! | P38: {=XLOOKUP('Results and Rankings'!$A38,'Core Values Input'!$A$2:$A$201,'Core Values Input'!$X$2:$X$201,0,0,)} -> #VALUE! | Q38: {=XLOOKUP('Results and Rankings'!$A38,'Core Values Input'!$A$2:$A$201,'Core Values Input'!$Y$2:$Y$201,0,0,)} -> #VALUE! | U38: {=XLOOKUP('Results and Rankings'!$A38,'Core Values Input'!$A$2:$A$201,'Core Values Input'!$U$2:$U$201,0,0,)} -> #VALUE! | V38: {=XLOOKUP('Results and Rankings'!$A38,'Innovation Project Input'!$A$2:$A$201,'Innovation Project Input'!$M$2:$M$201,0,0,)} -> #VALUE! | W38: {=XLOOKUP('Results and Rankings'!$A38,'Robot Design Input'!$A$2:$A$201,'Robot Design Input'!$M$2:$M$201,0,0,)} -> #VALUE! | X38: =IF(ISERR(GEOMEAN('Results and Rankings'!$H38,'Results and Rankings'!$U38,'Results and Rankings'!$V38,'Results and Rankings'!$W38)),0,GEOMEAN('Results and Rankings'!$H38,'Results and Rankings'!$U38,'Results and Rankings'!$V38,'Results and Rankings'!$W38)) -> 0 | Y38: =IF(X38,_xlfn.RANK.EQ(X38,X$3:X$110,0),NumberOfTeams) -> 0
A39: {=XLOOKUP(37,'Team and Program Information'!$B$3:$B$202,'Team and Program Information'!$C$3:$C$202,"ERROR",0)} | B39: {=XLOOKUP('Results and Rankings'!$A39,'Team and Program Information'!$C$3:$C$202,'Team and Program Information'!$D$3:$D$202,"",0,)} -> #VALUE! | C39: {=IF('Results and Rankings'!$A39="","",XLOOKUP('Results and Rankings'!$A39,'Robot Game Scores'!$B$2:$B$201,'Robot Game Scores'!$D$2:$D$201,0,0,))} | D39: {=IF('Results and Rankings'!$A39="","",XLOOKUP('Results and Rankings'!$A39,'Robot Game Scores'!$B$2:$B$201,'Robot Game Scores'!$E$2:$E$201,0,0,))} | E39: {=IF('Results and Rankings'!$A39="","",XLOOKUP('Results and Rankings'!$A39,'Robot Game Scores'!$B$2:$B$201,'Robot Game Scores'!$F$2:$F$201,0,0,))} | F39: {=IF('Results and Rankings'!$A39="","",XLOOKUP('Results and Rankings'!$A39,'Robot Game Scores'!$B$2:$B$201,'Robot Game Scores'!$G$2:$G$201,0,0,))} | G39: {=IF('Results and Rankings'!$A39="","",XLOOKUP('Results and Rankings'!$A39,'Robot Game Scores'!$B$2:$B$201,'Robot Game Scores'!$H$2:$H$201,0,0,))} | H39: =IF('Results and Rankings'!$A39="","",IF(ISNA(LARGE('Results and Rankings'!$C39:$G39,1)+0.0001*LARGE('Results and Rankings'!$C39:$G39,2)+0.0000001*LARGE('Results and Rankings'!$C39:$G39,3)+1E-11*LARGE('Results and Rankings'!$C39:$G39,4)+1E-14*LARGE('Results and Rankings'!$C39:$G39,5)),0,LARGE('Results and Rankings'!$C39:$G39,1)+0.0001*LARGE('Results and Rankings'!$C39:$G39,2)+0.0000001*LARGE('Results and Rankings'!$C39:$G39,3)+1E-11*LARGE('Results and Rankings'!$C39:$G39,4)+1E-14*LARGE('Results and Rankings'!$C39:$G39,5))) | I39: =IF('Results and Rankings'!$A39="","",_xlfn.RANK.EQ('Results and Rankings'!$H39,'Results and Rankings'!$H$3:$H$202)) | J39: {=IF('Results and Rankings'!$A39="","",XLOOKUP('Results and Rankings'!$A39,'Core Values Input'!$A$2:$A$201,'Core Values Input'!$V$2:$V$201,NumberOfTeams+1,0,))} | K39: {=IF('Results and Rankings'!$A39="","",XLOOKUP('Results and Rankings'!$A39,'Innovation Project Input'!$A$2:$A$201,'Innovation Project Input'!$N$2:$N$201,NumberOfTeams+1,0,))} | L39: {=IF('Results and Rankings'!$A39="","",XLOOKUP('Results and Rankings'!$A39,'Robot Design Input'!$A$2:$A$201,'Robot Design Input'!$N$2:$N$201,NumberOfTeams+1,0,))} | M39: =IF('Results and Rankings'!$A39="","",IF('Results and Rankings'!$J39="",NumberOfTeams+1,'Results and Rankings'!$J39) + IF('Results and Rankings'!$K39="",NumberOfTeams+1,'Results and Rankings'!$K39) + IF('Results and Rankings'!$L39="",NumberOfTeams+1,'Results and Rankings'!$L39) + 'Results and Rankings'!$I39) | N39: =IF('Results and Rankings'!$A39="","",IF(M39,RANK(M39,M$3:M$202,1)-COUNTIF(M$3:M$202,0),NumberOfTeams+1)) | O39: {=XLOOKUP('Results and Rankings'!$A39,'Core Values Input'!$A$2:$A$201,'Core Values Input'!$W$2:$W$201,0,0,)} -> #VALUE! | P39: {=XLOOKUP('Results and Rankings'!$A39,'Core Values Input'!$A$2:$A$201,'Core Values Input'!$X$2:$X$201,0,0,)} -> #VALUE! | Q39: {=XLOOKUP('Results and Rankings'!$A39,'Core Values Input'!$A$2:$A$201,'Core Values Input'!$Y$2:$Y$201,0,0,)} -> #VALUE! | U39: {=XLOOKUP('Results and Rankings'!$A39,'Core Values Input'!$A$2:$A$201,'Core Values Input'!$U$2:$U$201,0,0,)} -> #VALUE! | V39: {=XLOOKUP('Results and Rankings'!$A39,'Innovation Project Input'!$A$2:$A$201,'Innovation Project Input'!$M$2:$M$201,0,0,)} -> #VALUE! | W39: {=XLOOKUP('Results and Rankings'!$A39,'Robot Design Input'!$A$2:$A$201,'Robot Design Input'!$M$2:$M$201,0,0,)} -> #VALUE! | X39: =IF(ISERR(GEOMEAN('Results and Rankings'!$H39,'Results and Rankings'!$U39,'Results and Rankings'!$V39,'Results and Rankings'!$W39)),0,GEOMEAN('Results and Rankings'!$H39,'Results and Rankings'!$U39,'Results and Rankings'!$V39,'Results and Rankings'!$W39)) -> 0 | Y39: =IF(X39,_xlfn.RANK.EQ(X39,X$3:X$110,0),NumberOfTeams) -> 0
A40: {=XLOOKUP(38,'Team and Program Information'!$B$3:$B$202,'Team and Program Information'!$C$3:$C$202,"ERROR",0)} | B40: {=XLOOKUP('Results and Rankings'!$A40,'Team and Program Information'!$C$3:$C$202,'Team and Program Information'!$D$3:$D$202,"",0,)} -> #VALUE! | C40: {=IF('Results and Rankings'!$A40="","",XLOOKUP('Results and Rankings'!$A40,'Robot Game Scores'!$B$2:$B$201,'Robot Game Scores'!$D$2:$D$201,0,0,))} | D40: {=IF('Results and Rankings'!$A40="","",XLOOKUP('Results and Rankings'!$A40,'Robot Game Scores'!$B$2:$B$201,'Robot Game Scores'!$E$2:$E$201,0,0,))} | E40: {=IF('Results and Rankings'!$A40="","",XLOOKUP('Results and Rankings'!$A40,'Robot Game Scores'!$B$2:$B$201,'Robot Game Scores'!$F$2:$F$201,0,0,))} | F40: {=IF('Results and Rankings'!$A40="","",XLOOKUP('Results and Rankings'!$A40,'Robot Game Scores'!$B$2:$B$201,'Robot Game Scores'!$G$2:$G$201,0,0,))} | G40: {=IF('Results and Rankings'!$A40="","",XLOOKUP('Results and Rankings'!$A40,'Robot Game Scores'!$B$2:$B$201,'Robot Game Scores'!$H$2:$H$201,0,0,))} | H40: =IF('Results and Rankings'!$A40="","",IF(ISNA(LARGE('Results and Rankings'!$C40:$G40,1)+0.0001*LARGE('Results and Rankings'!$C40:$G40,2)+0.0000001*LARGE('Results and Rankings'!$C40:$G40,3)+1E-11*LARGE('Results and Rankings'!$C40:$G40,4)+1E-14*LARGE('Results and Rankings'!$C40:$G40,5)),0,LARGE('Results and Rankings'!$C40:$G40,1)+0.0001*LARGE('Results and Rankings'!$C40:$G40,2)+0.0000001*LARGE('Results and Rankings'!$C40:$G40,3)+1E-11*LARGE('Results and Rankings'!$C40:$G40,4)+1E-14*LARGE('Results and Rankings'!$C40:$G40,5))) | I40: =IF('Results and Rankings'!$A40="","",_xlfn.RANK.EQ('Results and Rankings'!$H40,'Results and Rankings'!$H$3:$H$202)) | J40: {=IF('Results and Rankings'!$A40="","",XLOOKUP('Results and Rankings'!$A40,'Core Values Input'!$A$2:$A$201,'Core Values Input'!$V$2:$V$201,NumberOfTeams+1,0,))} | K40: {=IF('Results and Rankings'!$A40="","",XLOOKUP('Results and Rankings'!$A40,'Innovation Project Input'!$A$2:$A$201,'Innovation Project Input'!$N$2:$N$201,NumberOfTeams+1,0,))} | L40: {=IF('Results and Rankings'!$A40="","",XLOOKUP('Results and Rankings'!$A40,'Robot Design Input'!$A$2:$A$201,'Robot Design Input'!$N$2:$N$201,NumberOfTeams+1,0,))} | M40: =IF('Results and Rankings'!$A40="","",IF('Results and Rankings'!$J40="",NumberOfTeams+1,'Results and Rankings'!$J40) + IF('Results and Rankings'!$K40="",NumberOfTeams+1,'Results and Rankings'!$K40) + IF('Results and Rankings'!$L40="",NumberOfTeams+1,'Results and Rankings'!$L40) + 'Results and Rankings'!$I40) | N40: =IF('Results and Rankings'!$A40="","",IF(M40,RANK(M40,M$3:M$202,1)-COUNTIF(M$3:M$202,0),NumberOfTeams+1)) | O40: {=XLOOKUP('Results and Rankings'!$A40,'Core Values Input'!$A$2:$A$201,'Core Values Input'!$W$2:$W$201,0,0,)} -> #VALUE! | P40: {=XLOOKUP('Results and Rankings'!$A40,'Core Values Input'!$A$2:$A$201,'Core Values Input'!$X$2:$X$201,0,0,)} -> #VALUE! | Q40: {=XLOOKUP('Results and Rankings'!$A40,'Core Values Input'!$A$2:$A$201,'Core Values Input'!$Y$2:$Y$201,0,0,)} -> #VALUE! | U40: {=XLOOKUP('Results and Rankings'!$A40,'Core Values Input'!$A$2:$A$201,'Core Values Input'!$U$2:$U$201,0,0,)} -> #VALUE! | V40: {=XLOOKUP('Results and Rankings'!$A40,'Innovation Project Input'!$A$2:$A$201,'Innovation Project Input'!$M$2:$M$201,0,0,)} -> #VALUE! | W40: {=XLOOKUP('Results and Rankings'!$A40,'Robot Design Input'!$A$2:$A$201,'Robot Design Input'!$M$2:$M$201,0,0,)} -> #VALUE! | X40: =IF(ISERR(GEOMEAN('Results and Rankings'!$H40,'Results and Rankings'!$U40,'Results and Rankings'!$V40,'Results and Rankings'!$W40)),0,GEOMEAN('Results and Rankings'!$H40,'Results and Rankings'!$U40,'Results and Rankings'!$V40,'Results and Rankings'!$W40)) -> 0 | Y40: =IF(X40,_xlfn.RANK.EQ(X40,X$3:X$110,0),NumberOfTeams) -> 0
A41: {=XLOOKUP(39,'Team and Program Information'!$B$3:$B$202,'Team and Program Information'!$C$3:$C$202,"ERROR",0)} | B41: {=XLOOKUP('Results and Rankings'!$A41,'Team and Program Information'!$C$3:$C$202,'Team and Program Information'!$D$3:$D$202,"",0,)} -> #VALUE! | C41: {=IF('Results and Rankings'!$A41="","",XLOOKUP('Results and Rankings'!$A41,'Robot Game Scores'!$B$2:$B$201,'Robot Game Scores'!$D$2:$D$201,0,0,))} | D41: {=IF('Results and Rankings'!$A41="","",XLOOKUP('Results and Rankings'!$A41,'Robot Game Scores'!$B$2:$B$201,'Robot Game Scores'!$E$2:$E$201,0,0,))} | E41: {=IF('Results and Rankings'!$A41="","",XLOOKUP('Results and Rankings'!$A41,'Robot Game Scores'!$B$2:$B$201,'Robot Game Scores'!$F$2:$F$201,0,0,))} | F41: {=IF('Results and Rankings'!$A41="","",XLOOKUP('Results and Rankings'!$A41,'Robot Game Scores'!$B$2:$B$201,'Robot Game Scores'!$G$2:$G$201,0,0,))} | G41: {=IF('Results and Rankings'!$A41="","",XLOOKUP('Results and Rankings'!$A41,'Robot Game Scores'!$B$2:$B$201,'Robot Game Scores'!$H$2:$H$201,0,0,))} | H41: =IF('Results and Rankings'!$A41="","",IF(ISNA(LARGE('Results and Rankings'!$C41:$G41,1)+0.0001*LARGE('Results and Rankings'!$C41:$G41,2)+0.0000001*LARGE('Results and Rankings'!$C41:$G41,3)+1E-11*LARGE('Results and Rankings'!$C41:$G41,4)+1E-14*LARGE('Results and Rankings'!$C41:$G41,5)),0,LARGE('Results and Rankings'!$C41:$G41,1)+0.0001*LARGE('Results and Rankings'!$C41:$G41,2)+0.0000001*LARGE('Results and Rankings'!$C41:$G41,3)+1E-11*LARGE('Results and Rankings'!$C41:$G41,4)+1E-14*LARGE('Results and Rankings'!$C41:$G41,5))) | I41: =IF('Results and Rankings'!$A41="","",_xlfn.RANK.EQ('Results and Rankings'!$H41,'Results and Rankings'!$H$3:$H$202)) | J41: {=IF('Results and Rankings'!$A41="","",XLOOKUP('Results and Rankings'!$A41,'Core Values Input'!$A$2:$A$201,'Core Values Input'!$V$2:$V$201,NumberOfTeams+1,0,))} | K41: {=IF('Results and Rankings'!$A41="","",XLOOKUP('Results and Rankings'!$A41,'Innovation Project Input'!$A$2:$A$201,'Innovation Project Input'!$N$2:$N$201,NumberOfTeams+1,0,))} | L41: {=IF('Results and Rankings'!$A41="","",XLOOKUP('Results and Rankings'!$A41,'Robot Design Input'!$A$2:$A$201,'Robot Design Input'!$N$2:$N$201,NumberOfTeams+1,0,))} | M41: =IF('Results and Rankings'!$A41="","",IF('Results and Rankings'!$J41="",NumberOfTeams+1,'Results and Rankings'!$J41) + IF('Results and Rankings'!$K41="",NumberOfTeams+1,'Results and Rankings'!$K41) + IF('Results and Rankings'!$L41="",NumberOfTeams+1,'Results and Rankings'!$L41) + 'Results and Rankings'!$I41) | N41: =IF('Results and Rankings'!$A41="","",IF(M41,RANK(M41,M$3:M$202,1)-COUNTIF(M$3:M$202,0),NumberOfTeams+1)) | O41: {=XLOOKUP('Results and Rankings'!$A41,'Core Values Input'!$A$2:$A$201,'Core Values Input'!$W$2:$W$201,0,0,)} -> #VALUE! | P41: {=XLOOKUP('Results and Rankings'!$A41,'Core Values Input'!$A$2:$A$201,'Core Values Input'!$X$2:$X$201,0,0,)} -> #VALUE! | Q41: {=XLOOKUP('Results and Rankings'!$A41,'Core Values Input'!$A$2:$A$201,'Core Values Input'!$Y$2:$Y$201,0,0,)} -> #VALUE! | U41: {=XLOOKUP('Results and Rankings'!$A41,'Core Values Input'!$A$2:$A$201,'Core Values Input'!$U$2:$U$201,0,0,)} -> #VALUE! | V41: {=XLOOKUP('Results and Rankings'!$A41,'Innovation Project Input'!$A$2:$A$201,'Innovation Project Input'!$M$2:$M$201,0,0,)} -> #VALUE! | W41: {=XLOOKUP('Results and Rankings'!$A41,'Robot Design Input'!$A$2:$A$201,'Robot Design Input'!$M$2:$M$201,0,0,)} -> #VALUE! | X41: =IF(ISERR(GEOMEAN('Results and Rankings'!$H41,'Results and Rankings'!$U41,'Results and Rankings'!$V41,'Results and Rankings'!$W41)),0,GEOMEAN('Results and Rankings'!$H41,'Results and Rankings'!$U41,'Results and Rankings'!$V41,'Results and Rankings'!$W41)) -> 0 | Y41: =IF(X41,_xlfn.RANK.EQ(X41,X$3:X$110,0),NumberOfTeams) -> 0
A42: {=XLOOKUP(40,'Team and Program Information'!$B$3:$B$202,'Team and Program Information'!$C$3:$C$202,"ERROR",0)} | B42: {=XLOOKUP('Results and Rankings'!$A42,'Team and Program Information'!$C$3:$C$202,'Team and Program Information'!$D$3:$D$202,"",0,)} -> #VALUE! | C42: {=IF('Results and Rankings'!$A42="","",XLOOKUP('Results and Rankings'!$A42,'Robot Game Scores'!$B$2:$B$201,'Robot Game Scores'!$D$2:$D$201,0,0,))} | D42: {=IF('Results and Rankings'!$A42="","",XLOOKUP('Results and Rankings'!$A42,'Robot Game Scores'!$B$2:$B$201,'Robot Game Scores'!$E$2:$E$201,0,0,))} | E42: {=IF('Results and Rankings'!$A42="","",XLOOKUP('Results and Rankings'!$A42,'Robot Game Scores'!$B$2:$B$201,'Robot Game Scores'!$F$2:$F$201,0,0,))} | F42: {=IF('Results and Rankings'!$A42="","",XLOOKUP('Results and Rankings'!$A42,'Robot Game Scores'!$B$2:$B$201,'Robot Game Scores'!$G$2:$G$201,0,0,))} | G42: {=IF('Results and Rankings'!$A42="","",XLOOKUP('Results and Rankings'!$A42,'Robot Game Scores'!$B$2:$B$201,'Robot Game Scores'!$H$2:$H$201,0,0,))} | H42: =IF('Results and Rankings'!$A42="","",IF(ISNA(LARGE('Results and Rankings'!$C42:$G42,1)+0.0001*LARGE('Results and Rankings'!$C42:$G42,2)+0.0000001*LARGE('Results and Rankings'!$C42:$G42,3)+1E-11*LARGE('Results and Rankings'!$C42:$G42,4)+1E-14*LARGE('Results and Rankings'!$C42:$G42,5)),0,LARGE('Results and Rankings'!$C42:$G42,1)+0.0001*LARGE('Results and Rankings'!$C42:$G42,2)+0.0000001*LARGE('Results and Rankings'!$C42:$G42,3)+1E-11*LARGE('Results and Rankings'!$C42:$G42,4)+1E-14*LARGE('Results and Rankings'!$C42:$G42,5))) | I42: =IF('Results and Rankings'!$A42="","",_xlfn.RANK.EQ('Results and Rankings'!$H42,'Results and Rankings'!$H$3:$H$202)) | J42: {=IF('Results and Rankings'!$A42="","",XLOOKUP('Results and Rankings'!$A42,'Core Values Input'!$A$2:$A$201,'Core Values Input'!$V$2:$V$201,NumberOfTeams+1,0,))} | K42: {=IF('Results and Rankings'!$A42="","",XLOOKUP('Results and Rankings'!$A42,'Innovation Project Input'!$A$2:$A$201,'Innovation Project Input'!$N$2:$N$201,NumberOfTeams+1,0,))} | L42: {=IF('Results and Rankings'!$A42="","",XLOOKUP('Results and Rankings'!$A42,'Robot Design Input'!$A$2:$A$201,'Robot Design Input'!$N$2:$N$201,NumberOfTeams+1,0,))} | M42: =IF('Results and Rankings'!$A42="","",IF('Results and Rankings'!$J42="",NumberOfTeams+1,'Results and Rankings'!$J42) + IF('Results and Rankings'!$K42="",NumberOfTeams+1,'Results and Rankings'!$K42) + IF('Results and Rankings'!$L42="",NumberOfTeams+1,'Results and Rankings'!$L42) + 'Results and Rankings'!$I42) | N42: =IF('Results and Rankings'!$A42="","",IF(M42,RANK(M42,M$3:M$202,1)-COUNTIF(M$3:M$202,0),NumberOfTeams+1)) | O42: {=XLOOKUP('Results and Rankings'!$A42,'Core Values Input'!$A$2:$A$201,'Core Values Input'!$W$2:$W$201,0,0,)} -> #VALUE! | P42: {=XLOOKUP('Results and Rankings'!$A42,'Core Values Input'!$A$2:$A$201,'Core Values Input'!$X$2:$X$201,0,0,)} -> #VALUE! | Q42: {=XLOOKUP('Results and Rankings'!$A42,'Core Values Input'!$A$2:$A$201,'Core Values Input'!$Y$2:$Y$201,0,0,)} -> #VALUE! | U42: {=XLOOKUP('Results and Rankings'!$A42,'Core Values Input'!$A$2:$A$201,'Core Values Input'!$U$2:$U$201,0,0,)} -> #VALUE! | V42: {=XLOOKUP('Results and Rankings'!$A42,'Innovation Project Input'!$A$2:$A$201,'Innovation Project Input'!$M$2:$M$201,0,0,)} -> #VALUE! | W42: {=XLOOKUP('Results and Rankings'!$A42,'Robot Design Input'!$A$2:$A$201,'Robot Design Input'!$M$2:$M$201,0,0,)} -> #VALUE! | X42: =IF(ISERR(GEOMEAN('Results and Rankings'!$H42,'Results and Rankings'!$U42,'Results and Rankings'!$V42,'Results and Rankings'!$W42)),0,GEOMEAN('Results and Rankings'!$H42,'Results and Rankings'!$U42,'Results and Rankings'!$V42,'Results and Rankings'!$W42)) -> 0 | Y42: =IF(X42,_xlfn.RANK.EQ(X42,X$3:X$110,0),NumberOfTeams) -> 0
A43: {=XLOOKUP(41,'Team and Program Information'!$B$3:$B$202,'Team and Program Information'!$C$3:$C$202,"ERROR",0)} | B43: {=XLOOKUP('Results and Rankings'!$A43,'Team and Program Information'!$C$3:$C$202,'Team and Program Information'!$D$3:$D$202,"",0,)} -> #VALUE! | C43: {=IF('Results and Rankings'!$A43="","",XLOOKUP('Results and Rankings'!$A43,'Robot Game Scores'!$B$2:$B$201,'Robot Game Scores'!$D$2:$D$201,0,0,))} | D43: {=IF('Results and Rankings'!$A43="","",XLOOKUP('Results and Rankings'!$A43,'Robot Game Scores'!$B$2:$B$201,'Robot Game Scores'!$E$2:$E$201,0,0,))} | E43: {=IF('Results and Rankings'!$A43="","",XLOOKUP('Results and Rankings'!$A43,'Robot Game Scores'!$B$2:$B$201,'Robot Game Scores'!$F$2:$F$201,0,0,))} | F43: {=IF('Results and Rankings'!$A43="","",XLOOKUP('Results and Rankings'!$A43,'Robot Game Scores'!$B$2:$B$201,'Robot Game Scores'!$G$2:$G$201,0,0,))} | G43: {=IF('Results and Rankings'!$A43="","",XLOOKUP('Results and Rankings'!$A43,'Robot Game Scores'!$B$2:$B$201,'Robot Game Scores'!$H$2:$H$201,0,0,))} | H43: =IF('Results and Rankings'!$A43="","",IF(ISNA(LARGE('Results and Rankings'!$C43:$G43,1)+0.0001*LARGE('Results and Rankings'!$C43:$G43,2)+0.0000001*LARGE('Results and Rankings'!$C43:$G43,3)+1E-11*LARGE('Results and Rankings'!$C43:$G43,4)+1E-14*LARGE('Results and Rankings'!$C43:$G43,5)),0,LARGE('Results and Rankings'!$C43:$G43,1)+0.0001*LARGE('Results and Rankings'!$C43:$G43,2)+0.0000001*LARGE('Results and Rankings'!$C43:$G43,3)+1E-11*LARGE('Results and Rankings'!$C43:$G43,4)+1E-14*LARGE('Results and Rankings'!$C43:$G43,5))) | I43: =IF('Results and Rankings'!$A43="","",_xlfn.RANK.EQ('Results and Rankings'!$H43,'Results and Rankings'!$H$3:$H$202)) | J43: {=IF('Results and Rankings'!$A43="","",XLOOKUP('Results and Rankings'!$A43,'Core Values Input'!$A$2:$A$201,'Core Values Input'!$V$2:$V$201,NumberOfTeams+1,0,))} | K43: {=IF('Results and Rankings'!$A43="","",XLOOKUP('Results and Rankings'!$A43,'Innovation Project Input'!$A$2:$A$201,'Innovation Project Input'!$N$2:$N$201,NumberOfTeams+1,0,))} | L43: {=IF('Results and Rankings'!$A43="","",XLOOKUP('Results and Rankings'!$A43,'Robot Design Input'!$A$2:$A$201,'Robot Design Input'!$N$2:$N$201,NumberOfTeams+1,0,))} | M43: =IF('Results and Rankings'!$A43="","",IF('Results and Rankings'!$J43="",NumberOfTeams+1,'Results and Rankings'!$J43) + IF('Results and Rankings'!$K43="",NumberOfTeams+1,'Results and Rankings'!$K43) + IF('Results and Rankings'!$L43="",NumberOfTeams+1,'Results and Rankings'!$L43) + 'Results and Rankings'!$I43) | N43: =IF('Results and Rankings'!$A43="","",IF(M43,RANK(M43,M$3:M$202,1)-COUNTIF(M$3:M$202,0),NumberOfTeams+1)) | O43: {=XLOOKUP('Results and Rankings'!$A43,'Core Values Input'!$A$2:$A$201,'Core Values Input'!$W$2:$W$201,0,0,)} -> #VALUE! | P43: {=XLOOKUP('Results and Rankings'!$A43,'Core Values Input'!$A$2:$A$201,'Core Values Input'!$X$2:$X$201,0,0,)} -> #VALUE! | Q43: {=XLOOKUP('Results and Rankings'!$A43,'Core Values Input'!$A$2:$A$201,'Core Values Input'!$Y$2:$Y$201,0,0,)} -> #VALUE! | U43: {=XLOOKUP('Results and Rankings'!$A43,'Core Values Input'!$A$2:$A$201,'Core Values Input'!$U$2:$U$201,0,0,)} -> #VALUE! | V43: {=XLOOKUP('Results and Rankings'!$A43,'Innovation Project Input'!$A$2:$A$201,'Innovation Project Input'!$M$2:$M$201,0,0,)} -> #VALUE! | W43: {=XLOOKUP('Results and Rankings'!$A43,'Robot Design Input'!$A$2:$A$201,'Robot Design Input'!$M$2:$M$201,0,0,)} -> #VALUE! | X43: =IF(ISERR(GEOMEAN('Results and Rankings'!$H43,'Results and Rankings'!$U43,'Results and Rankings'!$V43,'Results and Rankings'!$W43)),0,GEOMEAN('Results and Rankings'!$H43,'Results and Rankings'!$U43,'Results and Rankings'!$V43,'Results and Rankings'!$W43)) -> 0 | Y43: =IF(X43,_xlfn.RANK.EQ(X43,X$3:X$110,0),NumberOfTeams) -> 0
A44: {=XLOOKUP(42,'Team and Program Information'!$B$3:$B$202,'Team and Program Information'!$C$3:$C$202,"ERROR",0)} | B44: {=XLOOKUP('Results and Rankings'!$A44,'Team and Program Information'!$C$3:$C$202,'Team and Program Information'!$D$3:$D$202,"",0,)} -> #VALUE! | C44: {=IF('Results and Rankings'!$A44="","",XLOOKUP('Results and Rankings'!$A44,'Robot Game Scores'!$B$2:$B$201,'Robot Game Scores'!$D$2:$D$201,0,0,))} | D44: {=IF('Results and Rankings'!$A44="","",XLOOKUP('Results and Rankings'!$A44,'Robot Game Scores'!$B$2:$B$201,'Robot Game Scores'!$E$2:$E$201,0,0,))} | E44: {=IF('Results and Rankings'!$A44="","",XLOOKUP('Results and Rankings'!$A44,'Robot Game Scores'!$B$2:$B$201,'Robot Game Scores'!$F$2:$F$201,0,0,))} | F44: {=IF('Results and Rankings'!$A44="","",XLOOKUP('Results and Rankings'!$A44,'Robot Game Scores'!$B$2:$B$201,'Robot Game Scores'!$G$2:$G$201,0,0,))} | G44: {=IF('Results and Rankings'!$A44="","",XLOOKUP('Results and Rankings'!$A44,'Robot Game Scores'!$B$2:$B$201,'Robot Game Scores'!$H$2:$H$201,0,0,))} | H44: =IF('Results and Rankings'!$A44="","",IF(ISNA(LARGE('Results and Rankings'!$C44:$G44,1)+0.0001*LARGE('Results and Rankings'!$C44:$G44,2)+0.0000001*LARGE('Results and Rankings'!$C44:$G44,3)+1E-11*LARGE('Results and Rankings'!$C44:$G44,4)+1E-14*LARGE('Results and Rankings'!$C44:$G44,5)),0,LARGE('Results and Rankings'!$C44:$G44,1)+0.0001*LARGE('Results and Rankings'!$C44:$G44,2)+0.0000001*LARGE('Results and Rankings'!$C44:$G44,3)+1E-11*LARGE('Results and Rankings'!$C44:$G44,4)+1E-14*LARGE('Results and Rankings'!$C44:$G44,5))) | I44: =IF('Results and Rankings'!$A44="","",_xlfn.RANK.EQ('Results and Rankings'!$H44,'Results and Rankings'!$H$3:$H$202)) | J44: {=IF('Results and Rankings'!$A44="","",XLOOKUP('Results and Rankings'!$A44,'Core Values Input'!$A$2:$A$201,'Core Values Input'!$V$2:$V$201,NumberOfTeams+1,0,))} | K44: {=IF('Results and Rankings'!$A44="","",XLOOKUP('Results and Rankings'!$A44,'Innovation Project Input'!$A$2:$A$201,'Innovation Project Input'!$N$2:$N$201,NumberOfTeams+1,0,))} | L44: {=IF('Results and Rankings'!$A44="","",XLOOKUP('Results and Rankings'!$A44,'Robot Design Input'!$A$2:$A$201,'Robot Design Input'!$N$2:$N$201,NumberOfTeams+1,0,))} | M44: =IF('Results and Rankings'!$A44="","",IF('Results and Rankings'!$J44="",NumberOfTeams+1,'Results and Rankings'!$J44) + IF('Results and Rankings'!$K44="",NumberOfTeams+1,'Results and Rankings'!$K44) + IF('Results and Rankings'!$L44="",NumberOfTeams+1,'Results and Rankings'!$L44) + 'Results and Rankings'!$I44) | N44: =IF('Results and Rankings'!$A44="","",IF(M44,RANK(M44,M$3:M$202,1)-COUNTIF(M$3:M$202,0),NumberOfTeams+1)) | O44: {=XLOOKUP('Results and Rankings'!$A44,'Core Values Input'!$A$2:$A$201,'Core Values Input'!$W$2:$W$201,0,0,)} -> #VALUE! | P44: {=XLOOKUP('Results and Rankings'!$A44,'Core Values Input'!$A$2:$A$201,'Core Values Input'!$X$2:$X$201,0,0,)} -> #VALUE! | Q44: {=XLOOKUP('Results and Rankings'!$A44,'Core Values Input'!$A$2:$A$201,'Core Values Input'!$Y$2:$Y$201,0,0,)} -> #VALUE! | U44: {=XLOOKUP('Results and Rankings'!$A44,'Core Values Input'!$A$2:$A$201,'Core Values Input'!$U$2:$U$201,0,0,)} -> #VALUE! | V44: {=XLOOKUP('Results and Rankings'!$A44,'Innovation Project Input'!$A$2:$A$201,'Innovation Project Input'!$M$2:$M$201,0,0,)} -> #VALUE! | W44: {=XLOOKUP('Results and Rankings'!$A44,'Robot Design Input'!$A$2:$A$201,'Robot Design Input'!$M$2:$M$201,0,0,)} -> #VALUE! | X44: =IF(ISERR(GEOMEAN('Results and Rankings'!$H44,'Results and Rankings'!$U44,'Results and Rankings'!$V44,'Results and Rankings'!$W44)),0,GEOMEAN('Results and Rankings'!$H44,'Results and Rankings'!$U44,'Results and Rankings'!$V44,'Results and Rankings'!$W44)) -> 0 | Y44: =IF(X44,_xlfn.RANK.EQ(X44,X$3:X$110,0),NumberOfTeams) -> 0
A45: {=XLOOKUP(43,'Team and Program Information'!$B$3:$B$202,'Team and Program Information'!$C$3:$C$202,"ERROR",0)} | B45: {=XLOOKUP('Results and Rankings'!$A45,'Team and Program Information'!$C$3:$C$202,'Team and Program Information'!$D$3:$D$202,"",0,)} -> #VALUE! | C45: {=IF('Results and Rankings'!$A45="","",XLOOKUP('Results and Rankings'!$A45,'Robot Game Scores'!$B$2:$B$201,'Robot Game Scores'!$D$2:$D$201,0,0,))} | D45: {=IF('Results and Rankings'!$A45="","",XLOOKUP('Results and Rankings'!$A45,'Robot Game Scores'!$B$2:$B$201,'Robot Game Scores'!$E$2:$E$201,0,0,))} | E45: {=IF('Results and Rankings'!$A45="","",XLOOKUP('Results and Rankings'!$A45,'Robot Game Scores'!$B$2:$B$201,'Robot Game Scores'!$F$2:$F$201,0,0,))} | F45: {=IF('Results and Rankings'!$A45="","",XLOOKUP('Results and Rankings'!$A45,'Robot Game Scores'!$B$2:$B$201,'Robot Game Scores'!$G$2:$G$201,0,0,))} | G45: {=IF('Results and Rankings'!$A45="","",XLOOKUP('Results and Rankings'!$A45,'Robot Game Scores'!$B$2:$B$201,'Robot Game Scores'!$H$2:$H$201,0,0,))} | H45: =IF('Results and Rankings'!$A45="","",IF(ISNA(LARGE('Results and Rankings'!$C45:$G45,1)+0.0001*LARGE('Results and Rankings'!$C45:$G45,2)+0.0000001*LARGE('Results and Rankings'!$C45:$G45,3)+1E-11*LARGE('Results and Rankings'!$C45:$G45,4)+1E-14*LARGE('Results and Rankings'!$C45:$G45,5)),0,LARGE('Results and Rankings'!$C45:$G45,1)+0.0001*LARGE('Results and Rankings'!$C45:$G45,2)+0.0000001*LARGE('Results and Rankings'!$C45:$G45,3)+1E-11*LARGE('Results and Rankings'!$C45:$G45,4)+1E-14*LARGE('Results and Rankings'!$C45:$G45,5))) | I45: =IF('Results and Rankings'!$A45="","",_xlfn.RANK.EQ('Results and Rankings'!$H45,'Results and Rankings'!$H$3:$H$202)) | J45: {=IF('Results and Rankings'!$A45="","",XLOOKUP('Results and Rankings'!$A45,'Core Values Input'!$A$2:$A$201,'Core Values Input'!$V$2:$V$201,NumberOfTeams+1,0,))} | K45: {=IF('Results and Rankings'!$A45="","",XLOOKUP('Results and Rankings'!$A45,'Innovation Project Input'!$A$2:$A$201,'Innovation Project Input'!$N$2:$N$201,NumberOfTeams+1,0,))} | L45: {=IF('Results and Rankings'!$A45="","",XLOOKUP('Results and Rankings'!$A45,'Robot Design Input'!$A$2:$A$201,'Robot Design Input'!$N$2:$N$201,NumberOfTeams+1,0,))} | M45: =IF('Results and Rankings'!$A45="","",IF('Results and Rankings'!$J45="",NumberOfTeams+1,'Results and Rankings'!$J45) + IF('Results and Rankings'!$K45="",NumberOfTeams+1,'Results and Rankings'!$K45) + IF('Results and Rankings'!$L45="",NumberOfTeams+1,'Results and Rankings'!$L45) + 'Results and Rankings'!$I45) | N45: =IF('Results and Rankings'!$A45="","",IF(M45,RANK(M45,M$3:M$202,1)-COUNTIF(M$3:M$202,0),NumberOfTeams+1)) | O45: {=XLOOKUP('Results and Rankings'!$A45,'Core Values Input'!$A$2:$A$201,'Core Values Input'!$W$2:$W$201,0,0,)} -> #VALUE! | P45: {=XLOOKUP('Results and Rankings'!$A45,'Core Values Input'!$A$2:$A$201,'Core Values Input'!$X$2:$X$201,0,0,)} -> #VALUE! | Q45: {=XLOOKUP('Results and Rankings'!$A45,'Core Values Input'!$A$2:$A$201,'Core Values Input'!$Y$2:$Y$201,0,0,)} -> #VALUE! | U45: {=XLOOKUP('Results and Rankings'!$A45,'Core Values Input'!$A$2:$A$201,'Core Values Input'!$U$2:$U$201,0,0,)} -> #VALUE! | V45: {=XLOOKUP('Results and Rankings'!$A45,'Innovation Project Input'!$A$2:$A$201,'Innovation Project Input'!$M$2:$M$201,0,0,)} -> #VALUE! | W45: {=XLOOKUP('Results and Rankings'!$A45,'Robot Design Input'!$A$2:$A$201,'Robot Design Input'!$M$2:$M$201,0,0,)} -> #VALUE! | X45: =IF(ISERR(GEOMEAN('Results and Rankings'!$H45,'Results and Rankings'!$U45,'Results and Rankings'!$V45,'Results and Rankings'!$W45)),0,GEOMEAN('Results and Rankings'!$H45,'Results and Rankings'!$U45,'Results and Rankings'!$V45,'Results and Rankings'!$W45)) -> 0 | Y45: =IF(X45,_xlfn.RANK.EQ(X45,X$3:X$110,0),NumberOfTeams) -> 0
A46: {=XLOOKUP(44,'Team and Program Information'!$B$3:$B$202,'Team and Program Information'!$C$3:$C$202,"ERROR",0)} | B46: {=XLOOKUP('Results and Rankings'!$A46,'Team and Program Information'!$C$3:$C$202,'Team and Program Information'!$D$3:$D$202,"",0,)} -> #VALUE! | C46: {=IF('Results and Rankings'!$A46="","",XLOOKUP('Results and Rankings'!$A46,'Robot Game Scores'!$B$2:$B$201,'Robot Game Scores'!$D$2:$D$201,0,0,))} | D46: {=IF('Results and Rankings'!$A46="","",XLOOKUP('Results and Rankings'!$A46,'Robot Game Scores'!$B$2:$B$201,'Robot Game Scores'!$E$2:$E$201,0,0,))} | E46: {=IF('Results and Rankings'!$A46="","",XLOOKUP('Results and Rankings'!$A46,'Robot Game Scores'!$B$2:$B$201,'Robot Game Scores'!$F$2:$F$201,0,0,))} | F46: {=IF('Results and Rankings'!$A46="","",XLOOKUP('Results and Rankings'!$A46,'Robot Game Scores'!$B$2:$B$201,'Robot Game Scores'!$G$2:$G$201,0,0,))} | G46: {=IF('Results and Rankings'!$A46="","",XLOOKUP('Results and Rankings'!$A46,'Robot Game Scores'!$B$2:$B$201,'Robot Game Scores'!$H$2:$H$201,0,0,))} | H46: =IF('Results and Rankings'!$A46="","",IF(ISNA(LARGE('Results and Rankings'!$C46:$G46,1)+0.0001*LARGE('Results and Rankings'!$C46:$G46,2)+0.0000001*LARGE('Results and Rankings'!$C46:$G46,3)+1E-11*LARGE('Results and Rankings'!$C46:$G46,4)+1E-14*LARGE('Results and Rankings'!$C46:$G46,5)),0,LARGE('Results and Rankings'!$C46:$G46,1)+0.0001*LARGE('Results and Rankings'!$C46:$G46,2)+0.0000001*LARGE('Results and Rankings'!$C46:$G46,3)+1E-11*LARGE('Results and Rankings'!$C46:$G46,4)+1E-14*LARGE('Results and Rankings'!$C46:$G46,5))) | I46: =IF('Results and Rankings'!$A46="","",_xlfn.RANK.EQ('Results and Rankings'!$H46,'Results and Rankings'!$H$3:$H$202)) | J46: {=IF('Results and Rankings'!$A46="","",XLOOKUP('Results and Rankings'!$A46,'Core Values Input'!$A$2:$A$201,'Core Values Input'!$V$2:$V$201,NumberOfTeams+1,0,))} | K46: {=IF('Results and Rankings'!$A46="","",XLOOKUP('Results and Rankings'!$A46,'Innovation Project Input'!$A$2:$A$201,'Innovation Project Input'!$N$2:$N$201,NumberOfTeams+1,0,))} | L46: {=IF('Results and Rankings'!$A46="","",XLOOKUP('Results and Rankings'!$A46,'Robot Design Input'!$A$2:$A$201,'Robot Design Input'!$N$2:$N$201,NumberOfTeams+1,0,))} | M46: =IF('Results and Rankings'!$A46="","",IF('Results and Rankings'!$J46="",NumberOfTeams+1,'Results and Rankings'!$J46) + IF('Results and Rankings'!$K46="",NumberOfTeams+1,'Results and Rankings'!$K46) + IF('Results and Rankings'!$L46="",NumberOfTeams+1,'Results and Rankings'!$L46) + 'Results and Rankings'!$I46) | N46: =IF('Results and Rankings'!$A46="","",IF(M46,RANK(M46,M$3:M$202,1)-COUNTIF(M$3:M$202,0),NumberOfTeams+1)) | O46: {=XLOOKUP('Results and Rankings'!$A46,'Core Values Input'!$A$2:$A$201,'Core Values Input'!$W$2:$W$201,0,0,)} -> #VALUE! | P46: {=XLOOKUP('Results and Rankings'!$A46,'Core Values Input'!$A$2:$A$201,'Core Values Input'!$X$2:$X$201,0,0,)} -> #VALUE! | Q46: {=XLOOKUP('Results and Rankings'!$A46,'Core Values Input'!$A$2:$A$201,'Core Values Input'!$Y$2:$Y$201,0,0,)} -> #VALUE! | U46: {=XLOOKUP('Results and Rankings'!$A46,'Core Values Input'!$A$2:$A$201,'Core Values Input'!$U$2:$U$201,0,0,)} -> #VALUE! | V46: {=XLOOKUP('Results and Rankings'!$A46,'Innovation Project Input'!$A$2:$A$201,'Innovation Project Input'!$M$2:$M$201,0,0,)} -> #VALUE! | W46: {=XLOOKUP('Results and Rankings'!$A46,'Robot Design Input'!$A$2:$A$201,'Robot Design Input'!$M$2:$M$201,0,0,)} -> #VALUE! | X46: =IF(ISERR(GEOMEAN('Results and Rankings'!$H46,'Results and Rankings'!$U46,'Results and Rankings'!$V46,'Results and Rankings'!$W46)),0,GEOMEAN('Results and Rankings'!$H46,'Results and Rankings'!$U46,'Results and Rankings'!$V46,'Results and Rankings'!$W46)) -> 0 | Y46: =IF(X46,_xlfn.RANK.EQ(X46,X$3:X$110,0),NumberOfTeams) -> 0
A47: {=XLOOKUP(45,'Team and Program Information'!$B$3:$B$202,'Team and Program Information'!$C$3:$C$202,"ERROR",0)} | B47: {=XLOOKUP('Results and Rankings'!$A47,'Team and Program Information'!$C$3:$C$202,'Team and Program Information'!$D$3:$D$202,"",0,)} -> #VALUE! | C47: {=IF('Results and Rankings'!$A47="","",XLOOKUP('Results and Rankings'!$A47,'Robot Game Scores'!$B$2:$B$201,'Robot Game Scores'!$D$2:$D$201,0,0,))} | D47: {=IF('Results and Rankings'!$A47="","",XLOOKUP('Results and Rankings'!$A47,'Robot Game Scores'!$B$2:$B$201,'Robot Game Scores'!$E$2:$E$201,0,0,))} | E47: {=IF('Results and Rankings'!$A47="","",XLOOKUP('Results and Rankings'!$A47,'Robot Game Scores'!$B$2:$B$201,'Robot Game Scores'!$F$2:$F$201,0,0,))} | F47: {=IF('Results and Rankings'!$A47="","",XLOOKUP('Results and Rankings'!$A47,'Robot Game Scores'!$B$2:$B$201,'Robot Game Scores'!$G$2:$G$201,0,0,))} | G47: {=IF('Results and Rankings'!$A47="","",XLOOKUP('Results and Rankings'!$A47,'Robot Game Scores'!$B$2:$B$201,'Robot Game Scores'!$H$2:$H$201,0,0,))} | H47: =IF('Results and Rankings'!$A47="","",IF(ISNA(LARGE('Results and Rankings'!$C47:$G47,1)+0.0001*LARGE('Results and Rankings'!$C47:$G47,2)+0.0000001*LARGE('Results and Rankings'!$C47:$G47,3)+1E-11*LARGE('Results and Rankings'!$C47:$G47,4)+1E-14*LARGE('Results and Rankings'!$C47:$G47,5)),0,LARGE('Results and Rankings'!$C47:$G47,1)+0.0001*LARGE('Results and Rankings'!$C47:$G47,2)+0.0000001*LARGE('Results and Rankings'!$C47:$G47,3)+1E-11*LARGE('Results and Rankings'!$C47:$G47,4)+1E-14*LARGE('Results and Rankings'!$C47:$G47,5))) | I47: =IF('Results and Rankings'!$A47="","",_xlfn.RANK.EQ('Results and Rankings'!$H47,'Results and Rankings'!$H$3:$H$202)) | J47: {=IF('Results and Rankings'!$A47="","",XLOOKUP('Results and Rankings'!$A47,'Core Values Input'!$A$2:$A$201,'Core Values Input'!$V$2:$V$201,NumberOfTeams+1,0,))} | K47: {=IF('Results and Rankings'!$A47="","",XLOOKUP('Results and Rankings'!$A47,'Innovation Project Input'!$A$2:$A$201,'Innovation Project Input'!$N$2:$N$201,NumberOfTeams+1,0,))} | L47: {=IF('Results and Rankings'!$A47="","",XLOOKUP('Results and Rankings'!$A47,'Robot Design Input'!$A$2:$A$201,'Robot Design Input'!$N$2:$N$201,NumberOfTeams+1,0,))} | M47: =IF('Results and Rankings'!$A47="","",IF('Results and Rankings'!$J47="",NumberOfTeams+1,'Results and Rankings'!$J47) + IF('Results and Rankings'!$K47="",NumberOfTeams+1,'Results and Rankings'!$K47) + IF('Results and Rankings'!$L47="",NumberOfTeams+1,'Results and Rankings'!$L47) + 'Results and Rankings'!$I47) | N47: =IF('Results and Rankings'!$A47="","",IF(M47,RANK(M47,M$3:M$202,1)-COUNTIF(M$3:M$202,0),NumberOfTeams+1)) | O47: {=XLOOKUP('Results and Rankings'!$A47,'Core Values Input'!$A$2:$A$201,'Core Values Input'!$W$2:$W$201,0,0,)} -> #VALUE! | P47: {=XLOOKUP('Results and Rankings'!$A47,'Core Values Input'!$A$2:$A$201,'Core Values Input'!$X$2:$X$201,0,0,)} -> #VALUE! | Q47: {=XLOOKUP('Results and Rankings'!$A47,'Core Values Input'!$A$2:$A$201,'Core Values Input'!$Y$2:$Y$201,0,0,)} -> #VALUE! | U47: {=XLOOKUP('Results and Rankings'!$A47,'Core Values Input'!$A$2:$A$201,'Core Values Input'!$U$2:$U$201,0,0,)} -> #VALUE! | V47: {=XLOOKUP('Results and Rankings'!$A47,'Innovation Project Input'!$A$2:$A$201,'Innovation Project Input'!$M$2:$M$201,0,0,)} -> #VALUE! | W47: {=XLOOKUP('Results and Rankings'!$A47,'Robot Design Input'!$A$2:$A$201,'Robot Design Input'!$M$2:$M$201,0,0,)} -> #VALUE! | X47: =IF(ISERR(GEOMEAN('Results and Rankings'!$H47,'Results and Rankings'!$U47,'Results and Rankings'!$V47,'Results and Rankings'!$W47)),0,GEOMEAN('Results and Rankings'!$H47,'Results and Rankings'!$U47,'Results and Rankings'!$V47,'Results and Rankings'!$W47)) -> 0 | Y47: =IF(X47,_xlfn.RANK.EQ(X47,X$3:X$110,0),NumberOfTeams) -> 0
A48: {=XLOOKUP(46,'Team and Program Information'!$B$3:$B$202,'Team and Program Information'!$C$3:$C$202,"ERROR",0)} | B48: {=XLOOKUP('Results and Rankings'!$A48,'Team and Program Information'!$C$3:$C$202,'Team and Program Information'!$D$3:$D$202,"",0,)} -> #VALUE! | C48: {=IF('Results and Rankings'!$A48="","",XLOOKUP('Results and Rankings'!$A48,'Robot Game Scores'!$B$2:$B$201,'Robot Game Scores'!$D$2:$D$201,0,0,))} | D48: {=IF('Results and Rankings'!$A48="","",XLOOKUP('Results and Rankings'!$A48,'Robot Game Scores'!$B$2:$B$201,'Robot Game Scores'!$E$2:$E$201,0,0,))} | E48: {=IF('Results and Rankings'!$A48="","",XLOOKUP('Results and Rankings'!$A48,'Robot Game Scores'!$B$2:$B$201,'Robot Game Scores'!$F$2:$F$201,0,0,))} | F48: {=IF('Results and Rankings'!$A48="","",XLOOKUP('Results and Rankings'!$A48,'Robot Game Scores'!$B$2:$B$201,'Robot Game Scores'!$G$2:$G$201,0,0,))} | G48: {=IF('Results and Rankings'!$A48="","",XLOOKUP('Results and Rankings'!$A48,'Robot Game Scores'!$B$2:$B$201,'Robot Game Scores'!$H$2:$H$201,0,0,))} | H48: =IF('Results and Rankings'!$A48="","",IF(ISNA(LARGE('Results and Rankings'!$C48:$G48,1)+0.0001*LARGE('Results and Rankings'!$C48:$G48,2)+0.0000001*LARGE('Results and Rankings'!$C48:$G48,3)+1E-11*LARGE('Results and Rankings'!$C48:$G48,4)+1E-14*LARGE('Results and Rankings'!$C48:$G48,5)),0,LARGE('Results and Rankings'!$C48:$G48,1)+0.0001*LARGE('Results and Rankings'!$C48:$G48,2)+0.0000001*LARGE('Results and Rankings'!$C48:$G48,3)+1E-11*LARGE('Results and Rankings'!$C48:$G48,4)+1E-14*LARGE('Results and Rankings'!$C48:$G48,5))) | I48: =IF('Results and Rankings'!$A48="","",_xlfn.RANK.EQ('Results and Rankings'!$H48,'Results and Rankings'!$H$3:$H$202)) | J48: {=IF('Results and Rankings'!$A48="","",XLOOKUP('Results and Rankings'!$A48,'Core Values Input'!$A$2:$A$201,'Core Values Input'!$V$2:$V$201,NumberOfTeams+1,0,))} | K48: {=IF('Results and Rankings'!$A48="","",XLOOKUP('Results and Rankings'!$A48,'Innovation Project Input'!$A$2:$A$201,'Innovation Project Input'!$N$2:$N$201,NumberOfTeams+1,0,))} | L48: {=IF('Results and Rankings'!$A48="","",XLOOKUP('Results and Rankings'!$A48,'Robot Design Input'!$A$2:$A$201,'Robot Design Input'!$N$2:$N$201,NumberOfTeams+1,0,))} | M48: =IF('Results and Rankings'!$A48="","",IF('Results and Rankings'!$J48="",NumberOfTeams+1,'Results and Rankings'!$J48) + IF('Results and Rankings'!$K48="",NumberOfTeams+1,'Results and Rankings'!$K48) + IF('Results and Rankings'!$L48="",NumberOfTeams+1,'Results and Rankings'!$L48) + 'Results and Rankings'!$I48) | N48: =IF('Results and Rankings'!$A48="","",IF(M48,RANK(M48,M$3:M$202,1)-COUNTIF(M$3:M$202,0),NumberOfTeams+1)) | O48: {=XLOOKUP('Results and Rankings'!$A48,'Core Values Input'!$A$2:$A$201,'Core Values Input'!$W$2:$W$201,0,0,)} -> #VALUE! | P48: {=XLOOKUP('Results and Rankings'!$A48,'Core Values Input'!$A$2:$A$201,'Core Values Input'!$X$2:$X$201,0,0,)} -> #VALUE! | Q48: {=XLOOKUP('Results and Rankings'!$A48,'Core Values Input'!$A$2:$A$201,'Core Values Input'!$Y$2:$Y$201,0,0,)} -> #VALUE! | U48: {=XLOOKUP('Results and Rankings'!$A48,'Core Values Input'!$A$2:$A$201,'Core Values Input'!$U$2:$U$201,0,0,)} -> #VALUE! | V48: {=XLOOKUP('Results and Rankings'!$A48,'Innovation Project Input'!$A$2:$A$201,'Innovation Project Input'!$M$2:$M$201,0,0,)} -> #VALUE! | W48: {=XLOOKUP('Results and Rankings'!$A48,'Robot Design Input'!$A$2:$A$201,'Robot Design Input'!$M$2:$M$201,0,0,)} -> #VALUE! | X48: =IF(ISERR(GEOMEAN('Results and Rankings'!$H48,'Results and Rankings'!$U48,'Results and Rankings'!$V48,'Results and Rankings'!$W48)),0,GEOMEAN('Results and Rankings'!$H48,'Results and Rankings'!$U48,'Results and Rankings'!$V48,'Results and Rankings'!$W48)) -> 0 | Y48: =IF(X48,_xlfn.RANK.EQ(X48,X$3:X$110,0),NumberOfTeams) -> 0
A49: {=XLOOKUP(47,'Team and Program Information'!$B$3:$B$202,'Team and Program Information'!$C$3:$C$202,"ERROR",0)} | B49: {=XLOOKUP('Results and Rankings'!$A49,'Team and Program Information'!$C$3:$C$202,'Team and Program Information'!$D$3:$D$202,"",0,)} -> #VALUE! | C49: {=IF('Results and Rankings'!$A49="","",XLOOKUP('Results and Rankings'!$A49,'Robot Game Scores'!$B$2:$B$201,'Robot Game Scores'!$D$2:$D$201,0,0,))} | D49: {=IF('Results and Rankings'!$A49="","",XLOOKUP('Results and Rankings'!$A49,'Robot Game Scores'!$B$2:$B$201,'Robot Game Scores'!$E$2:$E$201,0,0,))} | E49: {=IF('Results and Rankings'!$A49="","",XLOOKUP('Results and Rankings'!$A49,'Robot Game Scores'!$B$2:$B$201,'Robot Game Scores'!$F$2:$F$201,0,0,))} | F49: {=IF('Results and Rankings'!$A49="","",XLOOKUP('Results and Rankings'!$A49,'Robot Game Scores'!$B$2:$B$201,'Robot Game Scores'!$G$2:$G$201,0,0,))} | G49: {=IF('Results and Rankings'!$A49="","",XLOOKUP('Results and Rankings'!$A49,'Robot Game Scores'!$B$2:$B$201,'Robot Game Scores'!$H$2:$H$201,0,0,))} | H49: =IF('Results and Rankings'!$A49="","",IF(ISNA(LARGE('Results and Rankings'!$C49:$G49,1)+0.0001*LARGE('Results and Rankings'!$C49:$G49,2)+0.0000001*LARGE('Results and Rankings'!$C49:$G49,3)+1E-11*LARGE('Results and Rankings'!$C49:$G49,4)+1E-14*LARGE('Results and Rankings'!$C49:$G49,5)),0,LARGE('Results and Rankings'!$C49:$G49,1)+0.0001*LARGE('Results and Rankings'!$C49:$G49,2)+0.0000001*LARGE('Results and Rankings'!$C49:$G49,3)+1E-11*LARGE('Results and Rankings'!$C49:$G49,4)+1E-14*LARGE('Results and Rankings'!$C49:$G49,5))) | I49: =IF('Results and Rankings'!$A49="","",_xlfn.RANK.EQ('Results and Rankings'!$H49,'Results and Rankings'!$H$3:$H$202)) | J49: {=IF('Results and Rankings'!$A49="","",XLOOKUP('Results and Rankings'!$A49,'Core Values Input'!$A$2:$A$201,'Core Values Input'!$V$2:$V$201,NumberOfTeams+1,0,))} | K49: {=IF('Results and Rankings'!$A49="","",XLOOKUP('Results and Rankings'!$A49,'Innovation Project Input'!$A$2:$A$201,'Innovation Project Input'!$N$2:$N$201,NumberOfTeams+1,0,))} | L49: {=IF('Results and Rankings'!$A49="","",XLOOKUP('Results and Rankings'!$A49,'Robot Design Input'!$A$2:$A$201,'Robot Design Input'!$N$2:$N$201,NumberOfTeams+1,0,))} | M49: =IF('Results and Rankings'!$A49="","",IF('Results and Rankings'!$J49="",NumberOfTeams+1,'Results and Rankings'!$J49) + IF('Results and Rankings'!$K49="",NumberOfTeams+1,'Results and Rankings'!$K49) + IF('Results and Rankings'!$L49="",NumberOfTeams+1,'Results and Rankings'!$L49) + 'Results and Rankings'!$I49) | N49: =IF('Results and Rankings'!$A49="","",IF(M49,RANK(M49,M$3:M$202,1)-COUNTIF(M$3:M$202,0),NumberOfTeams+1)) | O49: {=XLOOKUP('Results and Rankings'!$A49,'Core Values Input'!$A$2:$A$201,'Core Values Input'!$W$2:$W$201,0,0,)} -> #VALUE! | P49: {=XLOOKUP('Results and Rankings'!$A49,'Core Values Input'!$A$2:$A$201,'Core Values Input'!$X$2:$X$201,0,0,)} -> #VALUE! | Q49: {=XLOOKUP('Results and Rankings'!$A49,'Core Values Input'!$A$2:$A$201,'Core Values Input'!$Y$2:$Y$201,0,0,)} -> #VALUE! | U49: {=XLOOKUP('Results and Rankings'!$A49,'Core Values Input'!$A$2:$A$201,'Core Values Input'!$U$2:$U$201,0,0,)} -> #VALUE! | V49: {=XLOOKUP('Results and Rankings'!$A49,'Innovation Project Input'!$A$2:$A$201,'Innovation Project Input'!$M$2:$M$201,0,0,)} -> #VALUE! | W49: {=XLOOKUP('Results and Rankings'!$A49,'Robot Design Input'!$A$2:$A$201,'Robot Design Input'!$M$2:$M$201,0,0,)} -> #VALUE! | X49: =IF(ISERR(GEOMEAN('Results and Rankings'!$H49,'Results and Rankings'!$U49,'Results and Rankings'!$V49,'Results and Rankings'!$W49)),0,GEOMEAN('Results and Rankings'!$H49,'Results and Rankings'!$U49,'Results and Rankings'!$V49,'Results and Rankings'!$W49)) -> 0 | Y49: =IF(X49,_xlfn.RANK.EQ(X49,X$3:X$110,0),NumberOfTeams) -> 0
A50: {=XLOOKUP(48,'Team and Program Information'!$B$3:$B$202,'Team and Program Information'!$C$3:$C$202,"ERROR",0)} | B50: {=XLOOKUP('Results and Rankings'!$A50,'Team and Program Information'!$C$3:$C$202,'Team and Program Information'!$D$3:$D$202,"",0,)} -> #VALUE! | C50: {=IF('Results and Rankings'!$A50="","",XLOOKUP('Results and Rankings'!$A50,'Robot Game Scores'!$B$2:$B$201,'Robot Game Scores'!$D$2:$D$201,0,0,))} | D50: {=IF('Results and Rankings'!$A50="","",XLOOKUP('Results and Rankings'!$A50,'Robot Game Scores'!$B$2:$B$201,'Robot Game Scores'!$E$2:$E$201,0,0,))} | E50: {=IF('Results and Rankings'!$A50="","",XLOOKUP('Results and Rankings'!$A50,'Robot Game Scores'!$B$2:$B$201,'Robot Game Scores'!$F$2:$F$201,0,0,))} | F50: {=IF('Results and Rankings'!$A50="","",XLOOKUP('Results and Rankings'!$A50,'Robot Game Scores'!$B$2:$B$201,'Robot Game Scores'!$G$2:$G$201,0,0,))} | G50: {=IF('Results and Rankings'!$A50="","",XLOOKUP('Results and Rankings'!$A50,'Robot Game Scores'!$B$2:$B$201,'Robot Game Scores'!$H$2:$H$201,0,0,))} | H50: =IF('Results and Rankings'!$A50="","",IF(ISNA(LARGE('Results and Rankings'!$C50:$G50,1)+0.0001*LARGE('Results and Rankings'!$C50:$G50,2)+0.0000001*LARGE('Results and Rankings'!$C50:$G50,3)+1E-11*LARGE('Results and Rankings'!$C50:$G50,4)+1E-14*LARGE('Results and Rankings'!$C50:$G50,5)),0,LARGE('Results and Rankings'!$C50:$G50,1)+0.0001*LARGE('Results and Rankings'!$C50:$G50,2)+0.0000001*LARGE('Results and Rankings'!$C50:$G50,3)+1E-11*LARGE('Results and Rankings'!$C50:$G50,4)+1E-14*LARGE('Results and Rankings'!$C50:$G50,5))) | I50: =IF('Results and Rankings'!$A50="","",_xlfn.RANK.EQ('Results and Rankings'!$H50,'Results and Rankings'!$H$3:$H$202)) | J50: {=IF('Results and Rankings'!$A50="","",XLOOKUP('Results and Rankings'!$A50,'Core Values Input'!$A$2:$A$201,'Core Values Input'!$V$2:$V$201,NumberOfTeams+1,0,))} | K50: {=IF('Results and Rankings'!$A50="","",XLOOKUP('Results and Rankings'!$A50,'Innovation Project Input'!$A$2:$A$201,'Innovation Project Input'!$N$2:$N$201,NumberOfTeams+1,0,))} | L50: {=IF('Results and Rankings'!$A50="","",XLOOKUP('Results and Rankings'!$A50,'Robot Design Input'!$A$2:$A$201,'Robot Design Input'!$N$2:$N$201,NumberOfTeams+1,0,))} | M50: =IF('Results and Rankings'!$A50="","",IF('Results and Rankings'!$J50="",NumberOfTeams+1,'Results and Rankings'!$J50) + IF('Results and Rankings'!$K50="",NumberOfTeams+1,'Results and Rankings'!$K50) + IF('Results and Rankings'!$L50="",NumberOfTeams+1,'Results and Rankings'!$L50) + 'Results and Rankings'!$I50) | N50: =IF('Results and Rankings'!$A50="","",IF(M50,RANK(M50,M$3:M$202,1)-COUNTIF(M$3:M$202,0),NumberOfTeams+1)) | O50: {=XLOOKUP('Results and Rankings'!$A50,'Core Values Input'!$A$2:$A$201,'Core Values Input'!$W$2:$W$201,0,0,)} -> #VALUE! | P50: {=XLOOKUP('Results and Rankings'!$A50,'Core Values Input'!$A$2:$A$201,'Core Values Input'!$X$2:$X$201,0,0,)} -> #VALUE! | Q50: {=XLOOKUP('Results and Rankings'!$A50,'Core Values Input'!$A$2:$A$201,'Core Values Input'!$Y$2:$Y$201,0,0,)} -> #VALUE! | U50: {=XLOOKUP('Results and Rankings'!$A50,'Core Values Input'!$A$2:$A$201,'Core Values Input'!$U$2:$U$201,0,0,)} -> #VALUE! | V50: {=XLOOKUP('Results and Rankings'!$A50,'Innovation Project Input'!$A$2:$A$201,'Innovation Project Input'!$M$2:$M$201,0,0,)} -> #VALUE! | W50: {=XLOOKUP('Results and Rankings'!$A50,'Robot Design Input'!$A$2:$A$201,'Robot Design Input'!$M$2:$M$201,0,0,)} -> #VALUE! | X50: =IF(ISERR(GEOMEAN('Results and Rankings'!$H50,'Results and Rankings'!$U50,'Results and Rankings'!$V50,'Results and Rankings'!$W50)),0,GEOMEAN('Results and Rankings'!$H50,'Results and Rankings'!$U50,'Results and Rankings'!$V50,'Results and Rankings'!$W50)) -> 0 | Y50: =IF(X50,_xlfn.RANK.EQ(X50,X$3:X$110,0),NumberOfTeams) -> 0
A51: {=XLOOKUP(49,'Team and Program Information'!$B$3:$B$202,'Team and Program Information'!$C$3:$C$202,"ERROR",0)} | B51: {=XLOOKUP('Results and Rankings'!$A51,'Team and Program Information'!$C$3:$C$202,'Team and Program Information'!$D$3:$D$202,"",0,)} -> #VALUE! | C51: {=IF('Results and Rankings'!$A51="","",XLOOKUP('Results and Rankings'!$A51,'Robot Game Scores'!$B$2:$B$201,'Robot Game Scores'!$D$2:$D$201,0,0,))} | D51: {=IF('Results and Rankings'!$A51="","",XLOOKUP('Results and Rankings'!$A51,'Robot Game Scores'!$B$2:$B$201,'Robot Game Scores'!$E$2:$E$201,0,0,))} | E51: {=IF('Results and Rankings'!$A51="","",XLOOKUP('Results and Rankings'!$A51,'Robot Game Scores'!$B$2:$B$201,'Robot Game Scores'!$F$2:$F$201,0,0,))} | F51: {=IF('Results and Rankings'!$A51="","",XLOOKUP('Results and Rankings'!$A51,'Robot Game Scores'!$B$2:$B$201,'Robot Game Scores'!$G$2:$G$201,0,0,))} | G51: {=IF('Results and Rankings'!$A51="","",XLOOKUP('Results and Rankings'!$A51,'Robot Game Scores'!$B$2:$B$201,'Robot Game Scores'!$H$2:$H$201,0,0,))} | H51: =IF('Results and Rankings'!$A51="","",IF(ISNA(LARGE('Results and Rankings'!$C51:$G51,1)+0.0001*LARGE('Results and Rankings'!$C51:$G51,2)+0.0000001*LARGE('Results and Rankings'!$C51:$G51,3)+1E-11*LARGE('Results and Rankings'!$C51:$G51,4)+1E-14*LARGE('Results and Rankings'!$C51:$G51,5)),0,LARGE('Results and Rankings'!$C51:$G51,1)+0.0001*LARGE('Results and Rankings'!$C51:$G51,2)+0.0000001*LARGE('Results and Rankings'!$C51:$G51,3)+1E-11*LARGE('Results and Rankings'!$C51:$G51,4)+1E-14*LARGE('Results and Rankings'!$C51:$G51,5))) | I51: =IF('Results and Rankings'!$A51="","",_xlfn.RANK.EQ('Results and Rankings'!$H51,'Results and Rankings'!$H$3:$H$202)) | J51: {=IF('Results and Rankings'!$A51="","",XLOOKUP('Results and Rankings'!$A51,'Core Values Input'!$A$2:$A$201,'Core Values Input'!$V$2:$V$201,NumberOfTeams+1,0,))} | K51: {=IF('Results and Rankings'!$A51="","",XLOOKUP('Results and Rankings'!$A51,'Innovation Project Input'!$A$2:$A$201,'Innovation Project Input'!$N$2:$N$201,NumberOfTeams+1,0,))} | L51: {=IF('Results and Rankings'!$A51="","",XLOOKUP('Results and Rankings'!$A51,'Robot Design Input'!$A$2:$A$201,'Robot Design Input'!$N$2:$N$201,NumberOfTeams+1,0,))} | M51: =IF('Results and Rankings'!$A51="","",IF('Results and Rankings'!$J51="",NumberOfTeams+1,'Results and Rankings'!$J51) + IF('Results and Rankings'!$K51="",NumberOfTeams+1,'Results and Rankings'!$K51) + IF('Results and Rankings'!$L51="",NumberOfTeams+1,'Results and Rankings'!$L51) + 'Results and Rankings'!$I51) | N51: =IF('Results and Rankings'!$A51="","",IF(M51,RANK(M51,M$3:M$202,1)-COUNTIF(M$3:M$202,0),NumberOfTeams+1)) | O51: {=XLOOKUP('Results and Rankings'!$A51,'Core Values Input'!$A$2:$A$201,'Core Values Input'!$W$2:$W$201,0,0,)} -> #VALUE! | P51: {=XLOOKUP('Results and Rankings'!$A51,'Core Values Input'!$A$2:$A$201,'Core Values Input'!$X$2:$X$201,0,0,)} -> #VALUE! | Q51: {=XLOOKUP('Results and Rankings'!$A51,'Core Values Input'!$A$2:$A$201,'Core Values Input'!$Y$2:$Y$201,0,0,)} -> #VALUE! | U51: {=XLOOKUP('Results and Rankings'!$A51,'Core Values Input'!$A$2:$A$201,'Core Values Input'!$U$2:$U$201,0,0,)} -> #VALUE! | V51: {=XLOOKUP('Results and Rankings'!$A51,'Innovation Project Input'!$A$2:$A$201,'Innovation Project Input'!$M$2:$M$201,0,0,)} -> #VALUE! | W51: {=XLOOKUP('Results and Rankings'!$A51,'Robot Design Input'!$A$2:$A$201,'Robot Design Input'!$M$2:$M$201,0,0,)} -> #VALUE! | X51: =IF(ISERR(GEOMEAN('Results and Rankings'!$H51,'Results and Rankings'!$U51,'Results and Rankings'!$V51,'Results and Rankings'!$W51)),0,GEOMEAN('Results and Rankings'!$H51,'Results and Rankings'!$U51,'Results and Rankings'!$V51,'Results and Rankings'!$W51)) -> 0 | Y51: =IF(X51,_xlfn.RANK.EQ(X51,X$3:X$110,0),NumberOfTeams) -> 0
A52: {=XLOOKUP(50,'Team and Program Information'!$B$3:$B$202,'Team and Program Information'!$C$3:$C$202,"ERROR",0)} | B52: {=XLOOKUP('Results and Rankings'!$A52,'Team and Program Information'!$C$3:$C$202,'Team and Program Information'!$D$3:$D$202,"",0,)} -> #VALUE! | C52: {=IF('Results and Rankings'!$A52="","",XLOOKUP('Results and Rankings'!$A52,'Robot Game Scores'!$B$2:$B$201,'Robot Game Scores'!$D$2:$D$201,0,0,))} | D52: {=IF('Results and Rankings'!$A52="","",XLOOKUP('Results and Rankings'!$A52,'Robot Game Scores'!$B$2:$B$201,'Robot Game Scores'!$E$2:$E$201,0,0,))} | E52: {=IF('Results and Rankings'!$A52="","",XLOOKUP('Results and Rankings'!$A52,'Robot Game Scores'!$B$2:$B$201,'Robot Game Scores'!$F$2:$F$201,0,0,))} | F52: {=IF('Results and Rankings'!$A52="","",XLOOKUP('Results and Rankings'!$A52,'Robot Game Scores'!$B$2:$B$201,'Robot Game Scores'!$G$2:$G$201,0,0,))} | G52: {=IF('Results and Rankings'!$A52="","",XLOOKUP('Results and Rankings'!$A52,'Robot Game Scores'!$B$2:$B$201,'Robot Game Scores'!$H$2:$H$201,0,0,))} | H52: =IF('Results and Rankings'!$A52="","",IF(ISNA(LARGE('Results and Rankings'!$C52:$G52,1)+0.0001*LARGE('Results and Rankings'!$C52:$G52,2)+0.0000001*LARGE('Results and Rankings'!$C52:$G52,3)+1E-11*LARGE('Results and Rankings'!$C52:$G52,4)+1E-14*LARGE('Results and Rankings'!$C52:$G52,5)),0,LARGE('Results and Rankings'!$C52:$G52,1)+0.0001*LARGE('Results and Rankings'!$C52:$G52,2)+0.0000001*LARGE('Results and Rankings'!$C52:$G52,3)+1E-11*LARGE('Results and Rankings'!$C52:$G52,4)+1E-14*LARGE('Results and Rankings'!$C52:$G52,5))) | I52: =IF('Results and Rankings'!$A52="","",_xlfn.RANK.EQ('Results and Rankings'!$H52,'Results and Rankings'!$H$3:$H$202)) | J52: {=IF('Results and Rankings'!$A52="","",XLOOKUP('Results and Rankings'!$A52,'Core Values Input'!$A$2:$A$201,'Core Values Input'!$V$2:$V$201,NumberOfTeams+1,0,))} | K52: {=IF('Results and Rankings'!$A52="","",XLOOKUP('Results and Rankings'!$A52,'Innovation Project Input'!$A$2:$A$201,'Innovation Project Input'!$N$2:$N$201,NumberOfTeams+1,0,))} | L52: {=IF('Results and Rankings'!$A52="","",XLOOKUP('Results and Rankings'!$A52,'Robot Design Input'!$A$2:$A$201,'Robot Design Input'!$N$2:$N$201,NumberOfTeams+1,0,))} | M52: =IF('Results and Rankings'!$A52="","",IF('Results and Rankings'!$J52="",NumberOfTeams+1,'Results and Rankings'!$J52) + IF('Results and Rankings'!$K52="",NumberOfTeams+1,'Results and Rankings'!$K52) + IF('Results and Rankings'!$L52="",NumberOfTeams+1,'Results and Rankings'!$L52) + 'Results and Rankings'!$I52) | N52: =IF('Results and Rankings'!$A52="","",IF(M52,RANK(M52,M$3:M$202,1)-COUNTIF(M$3:M$202,0),NumberOfTeams+1)) | O52: {=XLOOKUP('Results and Rankings'!$A52,'Core Values Input'!$A$2:$A$201,'Core Values Input'!$W$2:$W$201,0,0,)} -> #VALUE! | P52: {=XLOOKUP('Results and Rankings'!$A52,'Core Values Input'!$A$2:$A$201,'Core Values Input'!$X$2:$X$201,0,0,)} -> #VALUE! | Q52: {=XLOOKUP('Results and Rankings'!$A52,'Core Values Input'!$A$2:$A$201,'Core Values Input'!$Y$2:$Y$201,0,0,)} -> #VALUE! | U52: {=XLOOKUP('Results and Rankings'!$A52,'Core Values Input'!$A$2:$A$201,'Core Values Input'!$U$2:$U$201,0,0,)} -> #VALUE! | V52: {=XLOOKUP('Results and Rankings'!$A52,'Innovation Project Input'!$A$2:$A$201,'Innovation Project Input'!$M$2:$M$201,0,0,)} -> #VALUE! | W52: {=XLOOKUP('Results and Rankings'!$A52,'Robot Design Input'!$A$2:$A$201,'Robot Design Input'!$M$2:$M$201,0,0,)} -> #VALUE! | X52: =IF(ISERR(GEOMEAN('Results and Rankings'!$H52,'Results and Rankings'!$U52,'Results and Rankings'!$V52,'Results and Rankings'!$W52)),0,GEOMEAN('Results and Rankings'!$H52,'Results and Rankings'!$U52,'Results and Rankings'!$V52,'Results and Rankings'!$W52)) -> 0 | Y52: =IF(X52,_xlfn.RANK.EQ(X52,X$3:X$110,0),NumberOfTeams) -> 0
A53: {=XLOOKUP(51,'Team and Program Information'!$B$3:$B$202,'Team and Program Information'!$C$3:$C$202,"ERROR",0)} | B53: {=XLOOKUP('Results and Rankings'!$A53,'Team and Program Information'!$C$3:$C$202,'Team and Program Information'!$D$3:$D$202,"",0,)} -> #VALUE! | C53: {=IF('Results and Rankings'!$A53="","",XLOOKUP('Results and Rankings'!$A53,'Robot Game Scores'!$B$2:$B$201,'Robot Game Scores'!$D$2:$D$201,0,0,))} | D53: {=IF('Results and Rankings'!$A53="","",XLOOKUP('Results and Rankings'!$A53,'Robot Game Scores'!$B$2:$B$201,'Robot Game Scores'!$E$2:$E$201,0,0,))} | E53: {=IF('Results and Rankings'!$A53="","",XLOOKUP('Results and Rankings'!$A53,'Robot Game Scores'!$B$2:$B$201,'Robot Game Scores'!$F$2:$F$201,0,0,))} | F53: {=IF('Results and Rankings'!$A53="","",XLOOKUP('Results and Rankings'!$A53,'Robot Game Scores'!$B$2:$B$201,'Robot Game Scores'!$G$2:$G$201,0,0,))} | G53: {=IF('Results and Rankings'!$A53="","",XLOOKUP('Results and Rankings'!$A53,'Robot Game Scores'!$B$2:$B$201,'Robot Game Scores'!$H$2:$H$201,0,0,))} | H53: =IF('Results and Rankings'!$A53="","",IF(ISNA(LARGE('Results and Rankings'!$C53:$G53,1)+0.0001*LARGE('Results and Rankings'!$C53:$G53,2)+0.0000001*LARGE('Results and Rankings'!$C53:$G53,3)+1E-11*LARGE('Results and Rankings'!$C53:$G53,4)+1E-14*LARGE('Results and Rankings'!$C53:$G53,5)),0,LARGE('Results and Rankings'!$C53:$G53,1)+0.0001*LARGE('Results and Rankings'!$C53:$G53,2)+0.0000001*LARGE('Results and Rankings'!$C53:$G53,3)+1E-11*LARGE('Results and Rankings'!$C53:$G53,4)+1E-14*LARGE('Results and Rankings'!$C53:$G53,5))) | I53: =IF('Results and Rankings'!$A53="","",_xlfn.RANK.EQ('Results and Rankings'!$H53,'Results and Rankings'!$H$3:$H$202)) | J53: {=IF('Results and Rankings'!$A53="","",XLOOKUP('Results and Rankings'!$A53,'Core Values Input'!$A$2:$A$201,'Core Values Input'!$V$2:$V$201,NumberOfTeams+1,0,))} | K53: {=IF('Results and Rankings'!$A53="","",XLOOKUP('Results and Rankings'!$A53,'Innovation Project Input'!$A$2:$A$201,'Innovation Project Input'!$N$2:$N$201,NumberOfTeams+1,0,))} | L53: {=IF('Results and Rankings'!$A53="","",XLOOKUP('Results and Rankings'!$A53,'Robot Design Input'!$A$2:$A$201,'Robot Design Input'!$N$2:$N$201,NumberOfTeams+1,0,))} | M53: =IF('Results and Rankings'!$A53="","",IF('Results and Rankings'!$J53="",NumberOfTeams+1,'Results and Rankings'!$J53) + IF('Results and Rankings'!$K53="",NumberOfTeams+1,'Results and Rankings'!$K53) + IF('Results and Rankings'!$L53="",NumberOfTeams+1,'Results and Rankings'!$L53) + 'Results and Rankings'!$I53) | N53: =IF('Results and Rankings'!$A53="","",IF(M53,RANK(M53,M$3:M$202,1)-COUNTIF(M$3:M$202,0),NumberOfTeams+1)) | O53: {=XLOOKUP('Results and Rankings'!$A53,'Core Values Input'!$A$2:$A$201,'Core Values Input'!$W$2:$W$201,0,0,)} -> #VALUE! | P53: {=XLOOKUP('Results and Rankings'!$A53,'Core Values Input'!$A$2:$A$201,'Core Values Input'!$X$2:$X$201,0,0,)} -> #VALUE! | Q53: {=XLOOKUP('Results and Rankings'!$A53,'Core Values Input'!$A$2:$A$201,'Core Values Input'!$Y$2:$Y$201,0,0,)} -> #VALUE! | U53: {=XLOOKUP('Results and Rankings'!$A53,'Core Values Input'!$A$2:$A$201,'Core Values Input'!$U$2:$U$201,0,0,)} -> #VALUE! | V53: {=XLOOKUP('Results and Rankings'!$A53,'Innovation Project Input'!$A$2:$A$201,'Innovation Project Input'!$M$2:$M$201,0,0,)} -> #VALUE! | W53: {=XLOOKUP('Results and Rankings'!$A53,'Robot Design Input'!$A$2:$A$201,'Robot Design Input'!$M$2:$M$201,0,0,)} -> #VALUE! | X53: =IF(ISERR(GEOMEAN('Results and Rankings'!$H53,'Results and Rankings'!$U53,'Results and Rankings'!$V53,'Results and Rankings'!$W53)),0,GEOMEAN('Results and Rankings'!$H53,'Results and Rankings'!$U53,'Results and Rankings'!$V53,'Results and Rankings'!$W53)) -> 0 | Y53: =IF(X53,_xlfn.RANK.EQ(X53,X$3:X$110,0),NumberOfTeams) -> 0
A54: {=XLOOKUP(52,'Team and Program Information'!$B$3:$B$202,'Team and Program Information'!$C$3:$C$202,"ERROR",0)} | B54: {=XLOOKUP('Results and Rankings'!$A54,'Team and Program Information'!$C$3:$C$202,'Team and Program Information'!$D$3:$D$202,"",0,)} -> #VALUE! | C54: {=IF('Results and Rankings'!$A54="","",XLOOKUP('Results and Rankings'!$A54,'Robot Game Scores'!$B$2:$B$201,'Robot Game Scores'!$D$2:$D$201,0,0,))} | D54: {=IF('Results and Rankings'!$A54="","",XLOOKUP('Results and Rankings'!$A54,'Robot Game Scores'!$B$2:$B$201,'Robot Game Scores'!$E$2:$E$201,0,0,))} | E54: {=IF('Results and Rankings'!$A54="","",XLOOKUP('Results and Rankings'!$A54,'Robot Game Scores'!$B$2:$B$201,'Robot Game Scores'!$F$2:$F$201,0,0,))} | F54: {=IF('Results and Rankings'!$A54="","",XLOOKUP('Results and Rankings'!$A54,'Robot Game Scores'!$B$2:$B$201,'Robot Game Scores'!$G$2:$G$201,0,0,))} | G54: {=IF('Results and Rankings'!$A54="","",XLOOKUP('Results and Rankings'!$A54,'Robot Game Scores'!$B$2:$B$201,'Robot Game Scores'!$H$2:$H$201,0,0,))} | H54: =IF('Results and Rankings'!$A54="","",IF(ISNA(LARGE('Results and Rankings'!$C54:$G54,1)+0.0001*LARGE('Results and Rankings'!$C54:$G54,2)+0.0000001*LARGE('Results and Rankings'!$C54:$G54,3)+1E-11*LARGE('Results and Rankings'!$C54:$G54,4)+1E-14*LARGE('Results and Rankings'!$C54:$G54,5)),0,LARGE('Results and Rankings'!$C54:$G54,1)+0.0001*LARGE('Results and Rankings'!$C54:$G54,2)+0.0000001*LARGE('Results and Rankings'!$C54:$G54,3)+1E-11*LARGE('Results and Rankings'!$C54:$G54,4)+1E-14*LARGE('Results and Rankings'!$C54:$G54,5))) | I54: =IF('Results and Rankings'!$A54="","",_xlfn.RANK.EQ('Results and Rankings'!$H54,'Results and Rankings'!$H$3:$H$202)) | J54: {=IF('Results and Rankings'!$A54="","",XLOOKUP('Results and Rankings'!$A54,'Core Values Input'!$A$2:$A$201,'Core Values Input'!$V$2:$V$201,NumberOfTeams+1,0,))} | K54: {=IF('Results and Rankings'!$A54="","",XLOOKUP('Results and Rankings'!$A54,'Innovation Project Input'!$A$2:$A$201,'Innovation Project Input'!$N$2:$N$201,NumberOfTeams+1,0,))} | L54: {=IF('Results and Rankings'!$A54="","",XLOOKUP('Results and Rankings'!$A54,'Robot Design Input'!$A$2:$A$201,'Robot Design Input'!$N$2:$N$201,NumberOfTeams+1,0,))} | M54: =IF('Results and Rankings'!$A54="","",IF('Results and Rankings'!$J54="",NumberOfTeams+1,'Results and Rankings'!$J54) + IF('Results and Rankings'!$K54="",NumberOfTeams+1,'Results and Rankings'!$K54) + IF('Results and Rankings'!$L54="",NumberOfTeams+1,'Results and Rankings'!$L54) + 'Results and Rankings'!$I54) | N54: =IF('Results and Rankings'!$A54="","",IF(M54,RANK(M54,M$3:M$202,1)-COUNTIF(M$3:M$202,0),NumberOfTeams+1)) | O54: {=XLOOKUP('Results and Rankings'!$A54,'Core Values Input'!$A$2:$A$201,'Core Values Input'!$W$2:$W$201,0,0,)} -> #VALUE! | P54: {=XLOOKUP('Results and Rankings'!$A54,'Core Values Input'!$A$2:$A$201,'Core Values Input'!$X$2:$X$201,0,0,)} -> #VALUE! | Q54: {=XLOOKUP('Results and Rankings'!$A54,'Core Values Input'!$A$2:$A$201,'Core Values Input'!$Y$2:$Y$201,0,0,)} -> #VALUE! | U54: {=XLOOKUP('Results and Rankings'!$A54,'Core Values Input'!$A$2:$A$201,'Core Values Input'!$U$2:$U$201,0,0,)} -> #VALUE! | V54: {=XLOOKUP('Results and Rankings'!$A54,'Innovation Project Input'!$A$2:$A$201,'Innovation Project Input'!$M$2:$M$201,0,0,)} -> #VALUE! | W54: {=XLOOKUP('Results and Rankings'!$A54,'Robot Design Input'!$A$2:$A$201,'Robot Design Input'!$M$2:$M$201,0,0,)} -> #VALUE! | X54: =IF(ISERR(GEOMEAN('Results and Rankings'!$H54,'Results and Rankings'!$U54,'Results and Rankings'!$V54,'Results and Rankings'!$W54)),0,GEOMEAN('Results and Rankings'!$H54,'Results and Rankings'!$U54,'Results and Rankings'!$V54,'Results and Rankings'!$W54)) -> 0 | Y54: =IF(X54,_xlfn.RANK.EQ(X54,X$3:X$110,0),NumberOfTeams) -> 0
